POS,PLAYER,Mat,Inns,NO,Runs,HS,Avg,BF,SR,100,50,4s,6s,Year
1,David  Warner,12,12,2,692,100*,69.2,481,143.86,1,8,57,21,2008
2,KL  Rahul,14,14,3,593,100*,53.9,438,135.38,1,6,49,25,2008
3,Quinton  de Kock,16,16,1,529,81,35.26,398,132.91,0,4,45,25,2008
4,Shikhar  Dhawan,16,16,1,521,97*,34.73,384,135.67,0,5,64,11,2008
5,Andre  Russell,14,13,4,510,80*,56.66,249,204.81,0,4,31,52,2008
6,Chris  Gayle,13,13,1,490,99*,40.83,319,153.6,0,4,45,34,2008
7,Rishabh  Pant,16,16,3,488,78*,37.53,300,162.66,0,3,37,27,2008
8,Virat  Kohli,14,14,0,464,100,33.14,328,141.46,1,2,46,13,2008
9,Shreyas  Iyer,16,16,1,463,67,30.86,386,119.94,0,3,41,14,2008
10,Jonny  Bairstow,10,10,2,445,114,55.62,283,157.24,1,2,48,18,2008
11,AB  de Villiers,13,13,3,442,82*,44.2,287,154,0,5,31,26,2008
12,Suryakumar  Yadav,16,15,2,424,71*,32.61,324,130.86,0,2,45,10,2008
13,MS  Dhoni,15,12,7,416,84*,83.2,309,134.62,0,3,22,23,2008
14,Chris  Lynn,13,13,0,405,82,31.15,290,139.65,0,4,41,22,2008
15,Rohit  Sharma,15,15,1,405,67,28.92,315,128.57,0,2,52,10,2008
16,Hardik  Pandya,16,15,6,402,91,44.66,210,191.42,0,1,28,29,2008
17,Shane  Watson,17,17,0,398,96,23.41,312,127.56,0,3,42,20,2008
18,Faf  du Plessis,12,12,1,396,96,36,321,123.36,0,3,36,15,2008
19,Ajinkya  Rahane,14,13,1,393,105*,32.75,285,137.89,1,1,45,9,2008
20,Suresh  Raina,17,17,1,383,59,23.93,314,121.97,0,3,45,9,2008
21,Parthiv  Patel,14,14,0,373,67,26.64,268,139.17,0,2,48,10,2008
22,Prithvi  Shaw,16,16,0,353,99,22.06,264,133.71,0,2,45,9,2008
23,Manish  Pandey,12,11,3,344,83*,43,263,130.79,0,3,34,6,2008
24,Nitish  Rana,14,11,1,344,85*,34.4,235,146.38,0,3,27,21,2008
25,Sanju  Samson,12,12,2,342,102*,34.2,230,148.69,1,0,28,13,2008
26,Mayank  Agarwal,13,13,0,332,58,25.53,234,141.88,0,2,26,14,2008
27,Steve  Smith,12,10,2,319,73*,39.87,275,116,0,3,30,4,2008
28,Jos  Buttler,8,8,0,311,89,38.87,205,151.7,0,3,38,14,2008
29,Shubman  Gill,14,13,4,296,76,32.88,238,124.36,0,3,21,10,2008
30,Ambati  Rayudu,17,17,5,282,57,23.5,303,93.06,0,1,20,7,2008
31,Robin  Uthappa,12,11,2,282,67*,31.33,245,115.1,0,1,28,10,2008
32,Kieron  Pollard,16,14,6,279,83,34.87,178,156.74,0,1,14,22,2008
33,Dinesh  Karthik,14,13,5,253,97*,31.62,173,146.24,0,2,22,14,2008
34,Vijay  Shankar,15,14,2,244,40*,20.33,193,126.42,0,0,11,12,2008
35,Moeen  Ali,11,10,2,220,66,27.5,133,165.41,0,2,16,17,2008
36,David  Miller,10,10,2,213,59*,26.62,164,129.87,0,1,19,7,2008
37,Marcus  Stoinis,10,10,6,211,46*,52.75,156,135.25,0,0,14,10,2008
38,Colin  Ingram,12,12,2,184,47,18.4,154,119.48,0,0,20,5,2008
39,Krunal  Pandya,16,15,4,183,42,16.63,150,122,0,0,18,5,2008
40,Sarfaraz  Khan,8,5,1,180,67,45,143,125.87,0,1,19,4,2008
41,Nicholas  Pooran,7,6,0,168,48,28,107,157,0,0,10,14,2008
42,Mandeep  Singh,13,12,8,165,33*,41.25,120,137.5,0,0,10,4,2008
43,Kedar  Jadhav,14,12,3,162,58,18,169,95.85,0,1,19,3,2008
44,Riyan  Parag,7,5,0,160,50,32,126,126.98,0,1,17,5,2008
45,Kane  Williamson,9,9,2,156,70*,22.28,130,120,0,1,12,5,2008
46,Sunil  Narine,12,9,1,143,47,17.87,86,166.27,0,0,17,9,2008
47,Rahul  Tripathi,8,7,1,141,50,23.5,118,119.49,0,1,13,2,2008
48,Ben  Stokes,9,9,3,123,46,20.5,99,124.24,0,0,8,4,2008
49,Mohammad  Nabi,8,7,1,115,31,19.16,76,151.31,0,0,8,7,2008
50,Axar  Patel,14,12,6,110,26,18.33,88,125,0,0,10,3,2008
51,Ravindra  Jadeja,16,9,6,106,31*,35.33,88,120.45,0,0,7,4,2008
52,Ishan  Kishan,7,6,0,101,28,16.83,100,101,0,0,8,4,2008
53,Yuvraj  Singh,4,4,0,98,53,24.5,75,130.66,0,1,7,6,2008
54,Gurkeerat  Mann Singh,3,3,0,98,65,32.66,70,140,0,1,11,2,2008
55,Sam  Curran,9,8,4,95,55*,23.75,55,172.72,0,1,13,3,2008
56,Shimron  Hetmyer,5,5,0,90,75,18,73,123.28,0,1,4,7,2008
57,Wriddhiman  Saha,5,5,0,86,28,17.2,53,162.26,0,0,13,1,2008
58,Colin  Munro,4,4,0,84,40,21,70,120,0,0,9,4,2008
59,Martin  Guptill,3,3,0,81,36,27,53,152.83,0,0,4,7,2008
60,Dwayne  Bravo,12,9,4,80,27,16,66,121.21,0,0,6,3,2008
61,Sherfane  Rutherford,7,7,2,73,28*,14.6,54,135.18,0,0,2,7,2008
62,Liam  Livingstone,4,4,1,71,44,23.66,48,147.91,0,0,6,5,2008
63,Stuart  Binny,8,5,2,70,33*,23.33,40,175,0,0,5,4,2008
64,Jofra  Archer,11,5,3,67,27*,33.5,40,167.5,0,0,4,4,2008
65,Deepak  Hooda,11,7,1,64,20,10.66,63,101.58,0,0,5,1,2008
66,Murali  Vijay,2,2,0,64,38,32,61,104.91,0,0,6,1,2008
67,Shreyas  Gopal,14,7,3,63,19*,15.75,46,136.95,0,0,8,1,2008
68,Akshdeep  Nath,8,5,0,61,24,12.2,57,107.01,0,0,5,2,2008
69,Evin  Lewis,3,3,0,48,32,16,52,92.3,0,0,4,2,2008
70,Colin  de Grandhomme,4,4,1,46,37,15.33,49,93.87,0,0,4,2,2008
71,Piyush  Chawla,13,5,2,42,14*,14,37,113.51,0,0,4,2,2008
72,Ravichandran  Ashwin,14,6,1,42,17*,8.4,28,150,0,0,3,3,2008
73,Shivam  Dube,4,4,1,40,24,13.33,33,121.21,0,0,1,3,2008
74,Yusuf  Pathan,10,8,5,40,16*,13.33,45,88.88,0,0,1,1,2008
75,Rinku  Singh,5,3,1,37,30,18.5,34,108.82,0,0,1,2,2008
76,Rashid  Khan,15,8,3,34,17*,6.8,23,147.82,0,0,2,2,2008
77,Chris  Morris,9,6,0,32,17,5.33,37,86.48,0,0,1,2,2008
78,Mitchell  Santner,4,2,1,32,22,32,23,139.13,0,0,0,3,2008
79,Rahul  Tewatia,5,4,3,26,11*,26,22,118.18,0,0,2,1,2008
80,Umesh  Yadav,11,7,5,25,14,12.5,25,100,0,0,3,1,2008
81,Amit  Mishra,11,4,2,21,8,10.5,24,87.5,0,0,2,0,2008
82,Harpreet  Brar,2,1,1,20,20*,-,12,166.66,0,0,2,1,2008
83,Prayas  Ray Barman,1,1,0,19,19,19,24,79.16,0,0,2,0,2008
84,Keemo  Paul,8,6,1,18,7,3.6,24,75,0,0,1,1,2008
85,Ben  Cutting,3,3,1,18,13*,9,17,105.88,0,0,1,1,2008
86,Krishnappa  Gowtham,7,4,1,18,9,6,19,94.73,0,0,1,1,2008
87,Simran  Singh,1,1,0,16,16,16,17,94.11,0,0,1,1,2008
88,Alzarri  Joseph,3,2,2,15,15*,-,13,115.38,0,0,2,0,2008
89,Siddhesh  Lad,1,1,0,15,15,15,13,115.38,0,0,1,1,2008
90,Shardul  Thakur,10,3,1,14,12*,7,7,200,0,0,1,1,2008
91,Kagiso  Rabada,12,4,1,14,9,4.66,15,93.33,0,0,0,1,2008
92,Bhuvneshwar  Kumar,15,5,2,12,7*,4,19,63.15,0,0,1,0,2008
93,Kuldeep  Yadav,9,4,2,12,10*,6,8,150,0,0,1,0,2008
94,Rahul  Chahar,13,4,2,12,10,6,11,109.09,0,0,2,0,2008
95,Mitchell  McClenaghan,5,4,1,11,10,3.66,16,68.75,0,0,2,0,2008
96,Carlos  Brathwaite,2,2,0,11,6,5.5,10,110,0,0,1,0,2008
97,Ishant  Sharma,13,3,3,10,10*,-,3,333.33,0,0,1,1,2008
98,Shakib  Al Hasan,3,1,0,9,9,9,10,90,0,0,0,0,2008
99,Pawan  Negi,7,4,0,9,5,2.25,12,75,0,0,1,0,2008
100,Tim  Southee,3,1,1,9,9*,-,9,100,0,0,0,0,2008
101,David  Warner,12,12,2,692,100*,69.2,481,143.86,1,8,57,21,2009
102,KL  Rahul,14,14,3,593,100*,53.9,438,135.38,1,6,49,25,2009
103,Quinton  de Kock,16,16,1,529,81,35.26,398,132.91,0,4,45,25,2009
104,Shikhar  Dhawan,16,16,1,521,97*,34.73,384,135.67,0,5,64,11,2009
105,Andre  Russell,14,13,4,510,80*,56.66,249,204.81,0,4,31,52,2009
106,Chris  Gayle,13,13,1,490,99*,40.83,319,153.6,0,4,45,34,2009
107,Rishabh  Pant,16,16,3,488,78*,37.53,300,162.66,0,3,37,27,2009
108,Virat  Kohli,14,14,0,464,100,33.14,328,141.46,1,2,46,13,2009
109,Shreyas  Iyer,16,16,1,463,67,30.86,386,119.94,0,3,41,14,2009
110,Jonny  Bairstow,10,10,2,445,114,55.62,283,157.24,1,2,48,18,2009
111,AB  de Villiers,13,13,3,442,82*,44.2,287,154,0,5,31,26,2009
112,Suryakumar  Yadav,16,15,2,424,71*,32.61,324,130.86,0,2,45,10,2009
113,MS  Dhoni,15,12,7,416,84*,83.2,309,134.62,0,3,22,23,2009
114,Chris  Lynn,13,13,0,405,82,31.15,290,139.65,0,4,41,22,2009
115,Rohit  Sharma,15,15,1,405,67,28.92,315,128.57,0,2,52,10,2009
116,Hardik  Pandya,16,15,6,402,91,44.66,210,191.42,0,1,28,29,2009
117,Shane  Watson,17,17,0,398,96,23.41,312,127.56,0,3,42,20,2009
118,Faf  du Plessis,12,12,1,396,96,36,321,123.36,0,3,36,15,2009
119,Ajinkya  Rahane,14,13,1,393,105*,32.75,285,137.89,1,1,45,9,2009
120,Suresh  Raina,17,17,1,383,59,23.93,314,121.97,0,3,45,9,2009
121,Parthiv  Patel,14,14,0,373,67,26.64,268,139.17,0,2,48,10,2009
122,Prithvi  Shaw,16,16,0,353,99,22.06,264,133.71,0,2,45,9,2009
123,Manish  Pandey,12,11,3,344,83*,43,263,130.79,0,3,34,6,2009
124,Nitish  Rana,14,11,1,344,85*,34.4,235,146.38,0,3,27,21,2009
125,Sanju  Samson,12,12,2,342,102*,34.2,230,148.69,1,0,28,13,2009
126,Mayank  Agarwal,13,13,0,332,58,25.53,234,141.88,0,2,26,14,2009
127,Steve  Smith,12,10,2,319,73*,39.87,275,116,0,3,30,4,2009
128,Jos  Buttler,8,8,0,311,89,38.87,205,151.7,0,3,38,14,2009
129,Shubman  Gill,14,13,4,296,76,32.88,238,124.36,0,3,21,10,2009
130,Ambati  Rayudu,17,17,5,282,57,23.5,303,93.06,0,1,20,7,2009
131,Robin  Uthappa,12,11,2,282,67*,31.33,245,115.1,0,1,28,10,2009
132,Kieron  Pollard,16,14,6,279,83,34.87,178,156.74,0,1,14,22,2009
133,Dinesh  Karthik,14,13,5,253,97*,31.62,173,146.24,0,2,22,14,2009
134,Vijay  Shankar,15,14,2,244,40*,20.33,193,126.42,0,0,11,12,2009
135,Moeen  Ali,11,10,2,220,66,27.5,133,165.41,0,2,16,17,2009
136,David  Miller,10,10,2,213,59*,26.62,164,129.87,0,1,19,7,2009
137,Marcus  Stoinis,10,10,6,211,46*,52.75,156,135.25,0,0,14,10,2009
138,Colin  Ingram,12,12,2,184,47,18.4,154,119.48,0,0,20,5,2009
139,Krunal  Pandya,16,15,4,183,42,16.63,150,122,0,0,18,5,2009
140,Sarfaraz  Khan,8,5,1,180,67,45,143,125.87,0,1,19,4,2009
141,Nicholas  Pooran,7,6,0,168,48,28,107,157,0,0,10,14,2009
142,Mandeep  Singh,13,12,8,165,33*,41.25,120,137.5,0,0,10,4,2009
143,Kedar  Jadhav,14,12,3,162,58,18,169,95.85,0,1,19,3,2009
144,Riyan  Parag,7,5,0,160,50,32,126,126.98,0,1,17,5,2009
145,Kane  Williamson,9,9,2,156,70*,22.28,130,120,0,1,12,5,2009
146,Sunil  Narine,12,9,1,143,47,17.87,86,166.27,0,0,17,9,2009
147,Rahul  Tripathi,8,7,1,141,50,23.5,118,119.49,0,1,13,2,2009
148,Ben  Stokes,9,9,3,123,46,20.5,99,124.24,0,0,8,4,2009
149,Mohammad  Nabi,8,7,1,115,31,19.16,76,151.31,0,0,8,7,2009
150,Axar  Patel,14,12,6,110,26,18.33,88,125,0,0,10,3,2009
151,Ravindra  Jadeja,16,9,6,106,31*,35.33,88,120.45,0,0,7,4,2009
152,Ishan  Kishan,7,6,0,101,28,16.83,100,101,0,0,8,4,2009
153,Yuvraj  Singh,4,4,0,98,53,24.5,75,130.66,0,1,7,6,2009
154,Gurkeerat  Mann Singh,3,3,0,98,65,32.66,70,140,0,1,11,2,2009
155,Sam  Curran,9,8,4,95,55*,23.75,55,172.72,0,1,13,3,2009
156,Shimron  Hetmyer,5,5,0,90,75,18,73,123.28,0,1,4,7,2009
157,Wriddhiman  Saha,5,5,0,86,28,17.2,53,162.26,0,0,13,1,2009
158,Colin  Munro,4,4,0,84,40,21,70,120,0,0,9,4,2009
159,Martin  Guptill,3,3,0,81,36,27,53,152.83,0,0,4,7,2009
160,Dwayne  Bravo,12,9,4,80,27,16,66,121.21,0,0,6,3,2009
161,Sherfane  Rutherford,7,7,2,73,28*,14.6,54,135.18,0,0,2,7,2009
162,Liam  Livingstone,4,4,1,71,44,23.66,48,147.91,0,0,6,5,2009
163,Stuart  Binny,8,5,2,70,33*,23.33,40,175,0,0,5,4,2009
164,Jofra  Archer,11,5,3,67,27*,33.5,40,167.5,0,0,4,4,2009
165,Deepak  Hooda,11,7,1,64,20,10.66,63,101.58,0,0,5,1,2009
166,Murali  Vijay,2,2,0,64,38,32,61,104.91,0,0,6,1,2009
167,Shreyas  Gopal,14,7,3,63,19*,15.75,46,136.95,0,0,8,1,2009
168,Akshdeep  Nath,8,5,0,61,24,12.2,57,107.01,0,0,5,2,2009
169,Evin  Lewis,3,3,0,48,32,16,52,92.3,0,0,4,2,2009
170,Colin  de Grandhomme,4,4,1,46,37,15.33,49,93.87,0,0,4,2,2009
171,Piyush  Chawla,13,5,2,42,14*,14,37,113.51,0,0,4,2,2009
172,Ravichandran  Ashwin,14,6,1,42,17*,8.4,28,150,0,0,3,3,2009
173,Shivam  Dube,4,4,1,40,24,13.33,33,121.21,0,0,1,3,2009
174,Yusuf  Pathan,10,8,5,40,16*,13.33,45,88.88,0,0,1,1,2009
175,Rinku  Singh,5,3,1,37,30,18.5,34,108.82,0,0,1,2,2009
176,Rashid  Khan,15,8,3,34,17*,6.8,23,147.82,0,0,2,2,2009
177,Chris  Morris,9,6,0,32,17,5.33,37,86.48,0,0,1,2,2009
178,Mitchell  Santner,4,2,1,32,22,32,23,139.13,0,0,0,3,2009
179,Rahul  Tewatia,5,4,3,26,11*,26,22,118.18,0,0,2,1,2009
180,Umesh  Yadav,11,7,5,25,14,12.5,25,100,0,0,3,1,2009
181,Amit  Mishra,11,4,2,21,8,10.5,24,87.5,0,0,2,0,2009
182,Harpreet  Brar,2,1,1,20,20*,-,12,166.66,0,0,2,1,2009
183,Prayas  Ray Barman,1,1,0,19,19,19,24,79.16,0,0,2,0,2009
184,Keemo  Paul,8,6,1,18,7,3.6,24,75,0,0,1,1,2009
185,Ben  Cutting,3,3,1,18,13*,9,17,105.88,0,0,1,1,2009
186,Krishnappa  Gowtham,7,4,1,18,9,6,19,94.73,0,0,1,1,2009
187,Simran  Singh,1,1,0,16,16,16,17,94.11,0,0,1,1,2009
188,Alzarri  Joseph,3,2,2,15,15*,-,13,115.38,0,0,2,0,2009
189,Siddhesh  Lad,1,1,0,15,15,15,13,115.38,0,0,1,1,2009
190,Shardul  Thakur,10,3,1,14,12*,7,7,200,0,0,1,1,2009
191,Kagiso  Rabada,12,4,1,14,9,4.66,15,93.33,0,0,0,1,2009
192,Bhuvneshwar  Kumar,15,5,2,12,7*,4,19,63.15,0,0,1,0,2009
193,Kuldeep  Yadav,9,4,2,12,10*,6,8,150,0,0,1,0,2009
194,Rahul  Chahar,13,4,2,12,10,6,11,109.09,0,0,2,0,2009
195,Mitchell  McClenaghan,5,4,1,11,10,3.66,16,68.75,0,0,2,0,2009
196,Carlos  Brathwaite,2,2,0,11,6,5.5,10,110,0,0,1,0,2009
197,Ishant  Sharma,13,3,3,10,10*,-,3,333.33,0,0,1,1,2009
198,Shakib  Al Hasan,3,1,0,9,9,9,10,90,0,0,0,0,2009
199,Pawan  Negi,7,4,0,9,5,2.25,12,75,0,0,1,0,2009
200,Tim  Southee,3,1,1,9,9*,-,9,100,0,0,0,0,2009
201,David  Warner,12,12,2,692,100*,69.2,481,143.86,1,8,57,21,2010
202,KL  Rahul,14,14,3,593,100*,53.9,438,135.38,1,6,49,25,2010
203,Quinton  de Kock,16,16,1,529,81,35.26,398,132.91,0,4,45,25,2010
204,Shikhar  Dhawan,16,16,1,521,97*,34.73,384,135.67,0,5,64,11,2010
205,Andre  Russell,14,13,4,510,80*,56.66,249,204.81,0,4,31,52,2010
206,Chris  Gayle,13,13,1,490,99*,40.83,319,153.6,0,4,45,34,2010
207,Rishabh  Pant,16,16,3,488,78*,37.53,300,162.66,0,3,37,27,2010
208,Virat  Kohli,14,14,0,464,100,33.14,328,141.46,1,2,46,13,2010
209,Shreyas  Iyer,16,16,1,463,67,30.86,386,119.94,0,3,41,14,2010
210,Jonny  Bairstow,10,10,2,445,114,55.62,283,157.24,1,2,48,18,2010
211,AB  de Villiers,13,13,3,442,82*,44.2,287,154,0,5,31,26,2010
212,Suryakumar  Yadav,16,15,2,424,71*,32.61,324,130.86,0,2,45,10,2010
213,MS  Dhoni,15,12,7,416,84*,83.2,309,134.62,0,3,22,23,2010
214,Chris  Lynn,13,13,0,405,82,31.15,290,139.65,0,4,41,22,2010
215,Rohit  Sharma,15,15,1,405,67,28.92,315,128.57,0,2,52,10,2010
216,Hardik  Pandya,16,15,6,402,91,44.66,210,191.42,0,1,28,29,2010
217,Shane  Watson,17,17,0,398,96,23.41,312,127.56,0,3,42,20,2010
218,Faf  du Plessis,12,12,1,396,96,36,321,123.36,0,3,36,15,2010
219,Ajinkya  Rahane,14,13,1,393,105*,32.75,285,137.89,1,1,45,9,2010
220,Suresh  Raina,17,17,1,383,59,23.93,314,121.97,0,3,45,9,2010
221,Parthiv  Patel,14,14,0,373,67,26.64,268,139.17,0,2,48,10,2010
222,Prithvi  Shaw,16,16,0,353,99,22.06,264,133.71,0,2,45,9,2010
223,Manish  Pandey,12,11,3,344,83*,43,263,130.79,0,3,34,6,2010
224,Nitish  Rana,14,11,1,344,85*,34.4,235,146.38,0,3,27,21,2010
225,Sanju  Samson,12,12,2,342,102*,34.2,230,148.69,1,0,28,13,2010
226,Mayank  Agarwal,13,13,0,332,58,25.53,234,141.88,0,2,26,14,2010
227,Steve  Smith,12,10,2,319,73*,39.87,275,116,0,3,30,4,2010
228,Jos  Buttler,8,8,0,311,89,38.87,205,151.7,0,3,38,14,2010
229,Shubman  Gill,14,13,4,296,76,32.88,238,124.36,0,3,21,10,2010
230,Ambati  Rayudu,17,17,5,282,57,23.5,303,93.06,0,1,20,7,2010
231,Robin  Uthappa,12,11,2,282,67*,31.33,245,115.1,0,1,28,10,2010
232,Kieron  Pollard,16,14,6,279,83,34.87,178,156.74,0,1,14,22,2010
233,Dinesh  Karthik,14,13,5,253,97*,31.62,173,146.24,0,2,22,14,2010
234,Vijay  Shankar,15,14,2,244,40*,20.33,193,126.42,0,0,11,12,2010
235,Moeen  Ali,11,10,2,220,66,27.5,133,165.41,0,2,16,17,2010
236,David  Miller,10,10,2,213,59*,26.62,164,129.87,0,1,19,7,2010
237,Marcus  Stoinis,10,10,6,211,46*,52.75,156,135.25,0,0,14,10,2010
238,Colin  Ingram,12,12,2,184,47,18.4,154,119.48,0,0,20,5,2010
239,Krunal  Pandya,16,15,4,183,42,16.63,150,122,0,0,18,5,2010
240,Sarfaraz  Khan,8,5,1,180,67,45,143,125.87,0,1,19,4,2010
241,Nicholas  Pooran,7,6,0,168,48,28,107,157,0,0,10,14,2010
242,Mandeep  Singh,13,12,8,165,33*,41.25,120,137.5,0,0,10,4,2010
243,Kedar  Jadhav,14,12,3,162,58,18,169,95.85,0,1,19,3,2010
244,Riyan  Parag,7,5,0,160,50,32,126,126.98,0,1,17,5,2010
245,Kane  Williamson,9,9,2,156,70*,22.28,130,120,0,1,12,5,2010
246,Sunil  Narine,12,9,1,143,47,17.87,86,166.27,0,0,17,9,2010
247,Rahul  Tripathi,8,7,1,141,50,23.5,118,119.49,0,1,13,2,2010
248,Ben  Stokes,9,9,3,123,46,20.5,99,124.24,0,0,8,4,2010
249,Mohammad  Nabi,8,7,1,115,31,19.16,76,151.31,0,0,8,7,2010
250,Axar  Patel,14,12,6,110,26,18.33,88,125,0,0,10,3,2010
251,Ravindra  Jadeja,16,9,6,106,31*,35.33,88,120.45,0,0,7,4,2010
252,Ishan  Kishan,7,6,0,101,28,16.83,100,101,0,0,8,4,2010
253,Yuvraj  Singh,4,4,0,98,53,24.5,75,130.66,0,1,7,6,2010
254,Gurkeerat  Mann Singh,3,3,0,98,65,32.66,70,140,0,1,11,2,2010
255,Sam  Curran,9,8,4,95,55*,23.75,55,172.72,0,1,13,3,2010
256,Shimron  Hetmyer,5,5,0,90,75,18,73,123.28,0,1,4,7,2010
257,Wriddhiman  Saha,5,5,0,86,28,17.2,53,162.26,0,0,13,1,2010
258,Colin  Munro,4,4,0,84,40,21,70,120,0,0,9,4,2010
259,Martin  Guptill,3,3,0,81,36,27,53,152.83,0,0,4,7,2010
260,Dwayne  Bravo,12,9,4,80,27,16,66,121.21,0,0,6,3,2010
261,Sherfane  Rutherford,7,7,2,73,28*,14.6,54,135.18,0,0,2,7,2010
262,Liam  Livingstone,4,4,1,71,44,23.66,48,147.91,0,0,6,5,2010
263,Stuart  Binny,8,5,2,70,33*,23.33,40,175,0,0,5,4,2010
264,Jofra  Archer,11,5,3,67,27*,33.5,40,167.5,0,0,4,4,2010
265,Deepak  Hooda,11,7,1,64,20,10.66,63,101.58,0,0,5,1,2010
266,Murali  Vijay,2,2,0,64,38,32,61,104.91,0,0,6,1,2010
267,Shreyas  Gopal,14,7,3,63,19*,15.75,46,136.95,0,0,8,1,2010
268,Akshdeep  Nath,8,5,0,61,24,12.2,57,107.01,0,0,5,2,2010
269,Evin  Lewis,3,3,0,48,32,16,52,92.3,0,0,4,2,2010
270,Colin  de Grandhomme,4,4,1,46,37,15.33,49,93.87,0,0,4,2,2010
271,Piyush  Chawla,13,5,2,42,14*,14,37,113.51,0,0,4,2,2010
272,Ravichandran  Ashwin,14,6,1,42,17*,8.4,28,150,0,0,3,3,2010
273,Shivam  Dube,4,4,1,40,24,13.33,33,121.21,0,0,1,3,2010
274,Yusuf  Pathan,10,8,5,40,16*,13.33,45,88.88,0,0,1,1,2010
275,Rinku  Singh,5,3,1,37,30,18.5,34,108.82,0,0,1,2,2010
276,Rashid  Khan,15,8,3,34,17*,6.8,23,147.82,0,0,2,2,2010
277,Chris  Morris,9,6,0,32,17,5.33,37,86.48,0,0,1,2,2010
278,Mitchell  Santner,4,2,1,32,22,32,23,139.13,0,0,0,3,2010
279,Rahul  Tewatia,5,4,3,26,11*,26,22,118.18,0,0,2,1,2010
280,Umesh  Yadav,11,7,5,25,14,12.5,25,100,0,0,3,1,2010
281,Amit  Mishra,11,4,2,21,8,10.5,24,87.5,0,0,2,0,2010
282,Harpreet  Brar,2,1,1,20,20*,-,12,166.66,0,0,2,1,2010
283,Prayas  Ray Barman,1,1,0,19,19,19,24,79.16,0,0,2,0,2010
284,Keemo  Paul,8,6,1,18,7,3.6,24,75,0,0,1,1,2010
285,Ben  Cutting,3,3,1,18,13*,9,17,105.88,0,0,1,1,2010
286,Krishnappa  Gowtham,7,4,1,18,9,6,19,94.73,0,0,1,1,2010
287,Simran  Singh,1,1,0,16,16,16,17,94.11,0,0,1,1,2010
288,Alzarri  Joseph,3,2,2,15,15*,-,13,115.38,0,0,2,0,2010
289,Siddhesh  Lad,1,1,0,15,15,15,13,115.38,0,0,1,1,2010
290,Shardul  Thakur,10,3,1,14,12*,7,7,200,0,0,1,1,2010
291,Kagiso  Rabada,12,4,1,14,9,4.66,15,93.33,0,0,0,1,2010
292,Bhuvneshwar  Kumar,15,5,2,12,7*,4,19,63.15,0,0,1,0,2010
293,Kuldeep  Yadav,9,4,2,12,10*,6,8,150,0,0,1,0,2010
294,Rahul  Chahar,13,4,2,12,10,6,11,109.09,0,0,2,0,2010
295,Mitchell  McClenaghan,5,4,1,11,10,3.66,16,68.75,0,0,2,0,2010
296,Carlos  Brathwaite,2,2,0,11,6,5.5,10,110,0,0,1,0,2010
297,Ishant  Sharma,13,3,3,10,10*,-,3,333.33,0,0,1,1,2010
298,Shakib  Al Hasan,3,1,0,9,9,9,10,90,0,0,0,0,2010
299,Pawan  Negi,7,4,0,9,5,2.25,12,75,0,0,1,0,2010
300,Tim  Southee,3,1,1,9,9*,-,9,100,0,0,0,0,2010
301,David  Warner,12,12,2,692,100*,69.2,481,143.86,1,8,57,21,2011
302,KL  Rahul,14,14,3,593,100*,53.9,438,135.38,1,6,49,25,2011
303,Quinton  de Kock,16,16,1,529,81,35.26,398,132.91,0,4,45,25,2011
304,Shikhar  Dhawan,16,16,1,521,97*,34.73,384,135.67,0,5,64,11,2011
305,Andre  Russell,14,13,4,510,80*,56.66,249,204.81,0,4,31,52,2011
306,Chris  Gayle,13,13,1,490,99*,40.83,319,153.6,0,4,45,34,2011
307,Rishabh  Pant,16,16,3,488,78*,37.53,300,162.66,0,3,37,27,2011
308,Virat  Kohli,14,14,0,464,100,33.14,328,141.46,1,2,46,13,2011
309,Shreyas  Iyer,16,16,1,463,67,30.86,386,119.94,0,3,41,14,2011
310,Jonny  Bairstow,10,10,2,445,114,55.62,283,157.24,1,2,48,18,2011
311,AB  de Villiers,13,13,3,442,82*,44.2,287,154,0,5,31,26,2011
312,Suryakumar  Yadav,16,15,2,424,71*,32.61,324,130.86,0,2,45,10,2011
313,MS  Dhoni,15,12,7,416,84*,83.2,309,134.62,0,3,22,23,2011
314,Chris  Lynn,13,13,0,405,82,31.15,290,139.65,0,4,41,22,2011
315,Rohit  Sharma,15,15,1,405,67,28.92,315,128.57,0,2,52,10,2011
316,Hardik  Pandya,16,15,6,402,91,44.66,210,191.42,0,1,28,29,2011
317,Shane  Watson,17,17,0,398,96,23.41,312,127.56,0,3,42,20,2011
318,Faf  du Plessis,12,12,1,396,96,36,321,123.36,0,3,36,15,2011
319,Ajinkya  Rahane,14,13,1,393,105*,32.75,285,137.89,1,1,45,9,2011
320,Suresh  Raina,17,17,1,383,59,23.93,314,121.97,0,3,45,9,2011
321,Parthiv  Patel,14,14,0,373,67,26.64,268,139.17,0,2,48,10,2011
322,Prithvi  Shaw,16,16,0,353,99,22.06,264,133.71,0,2,45,9,2011
323,Manish  Pandey,12,11,3,344,83*,43,263,130.79,0,3,34,6,2011
324,Nitish  Rana,14,11,1,344,85*,34.4,235,146.38,0,3,27,21,2011
325,Sanju  Samson,12,12,2,342,102*,34.2,230,148.69,1,0,28,13,2011
326,Mayank  Agarwal,13,13,0,332,58,25.53,234,141.88,0,2,26,14,2011
327,Steve  Smith,12,10,2,319,73*,39.87,275,116,0,3,30,4,2011
328,Jos  Buttler,8,8,0,311,89,38.87,205,151.7,0,3,38,14,2011
329,Shubman  Gill,14,13,4,296,76,32.88,238,124.36,0,3,21,10,2011
330,Ambati  Rayudu,17,17,5,282,57,23.5,303,93.06,0,1,20,7,2011
331,Robin  Uthappa,12,11,2,282,67*,31.33,245,115.1,0,1,28,10,2011
332,Kieron  Pollard,16,14,6,279,83,34.87,178,156.74,0,1,14,22,2011
333,Dinesh  Karthik,14,13,5,253,97*,31.62,173,146.24,0,2,22,14,2011
334,Vijay  Shankar,15,14,2,244,40*,20.33,193,126.42,0,0,11,12,2011
335,Moeen  Ali,11,10,2,220,66,27.5,133,165.41,0,2,16,17,2011
336,David  Miller,10,10,2,213,59*,26.62,164,129.87,0,1,19,7,2011
337,Marcus  Stoinis,10,10,6,211,46*,52.75,156,135.25,0,0,14,10,2011
338,Colin  Ingram,12,12,2,184,47,18.4,154,119.48,0,0,20,5,2011
339,Krunal  Pandya,16,15,4,183,42,16.63,150,122,0,0,18,5,2011
340,Sarfaraz  Khan,8,5,1,180,67,45,143,125.87,0,1,19,4,2011
341,Nicholas  Pooran,7,6,0,168,48,28,107,157,0,0,10,14,2011
342,Mandeep  Singh,13,12,8,165,33*,41.25,120,137.5,0,0,10,4,2011
343,Kedar  Jadhav,14,12,3,162,58,18,169,95.85,0,1,19,3,2011
344,Riyan  Parag,7,5,0,160,50,32,126,126.98,0,1,17,5,2011
345,Kane  Williamson,9,9,2,156,70*,22.28,130,120,0,1,12,5,2011
346,Sunil  Narine,12,9,1,143,47,17.87,86,166.27,0,0,17,9,2011
347,Rahul  Tripathi,8,7,1,141,50,23.5,118,119.49,0,1,13,2,2011
348,Ben  Stokes,9,9,3,123,46,20.5,99,124.24,0,0,8,4,2011
349,Mohammad  Nabi,8,7,1,115,31,19.16,76,151.31,0,0,8,7,2011
350,Axar  Patel,14,12,6,110,26,18.33,88,125,0,0,10,3,2011
351,Ravindra  Jadeja,16,9,6,106,31*,35.33,88,120.45,0,0,7,4,2011
352,Ishan  Kishan,7,6,0,101,28,16.83,100,101,0,0,8,4,2011
353,Yuvraj  Singh,4,4,0,98,53,24.5,75,130.66,0,1,7,6,2011
354,Gurkeerat  Mann Singh,3,3,0,98,65,32.66,70,140,0,1,11,2,2011
355,Sam  Curran,9,8,4,95,55*,23.75,55,172.72,0,1,13,3,2011
356,Shimron  Hetmyer,5,5,0,90,75,18,73,123.28,0,1,4,7,2011
357,Wriddhiman  Saha,5,5,0,86,28,17.2,53,162.26,0,0,13,1,2011
358,Colin  Munro,4,4,0,84,40,21,70,120,0,0,9,4,2011
359,Martin  Guptill,3,3,0,81,36,27,53,152.83,0,0,4,7,2011
360,Dwayne  Bravo,12,9,4,80,27,16,66,121.21,0,0,6,3,2011
361,Sherfane  Rutherford,7,7,2,73,28*,14.6,54,135.18,0,0,2,7,2011
362,Liam  Livingstone,4,4,1,71,44,23.66,48,147.91,0,0,6,5,2011
363,Stuart  Binny,8,5,2,70,33*,23.33,40,175,0,0,5,4,2011
364,Jofra  Archer,11,5,3,67,27*,33.5,40,167.5,0,0,4,4,2011
365,Deepak  Hooda,11,7,1,64,20,10.66,63,101.58,0,0,5,1,2011
366,Murali  Vijay,2,2,0,64,38,32,61,104.91,0,0,6,1,2011
367,Shreyas  Gopal,14,7,3,63,19*,15.75,46,136.95,0,0,8,1,2011
368,Akshdeep  Nath,8,5,0,61,24,12.2,57,107.01,0,0,5,2,2011
369,Evin  Lewis,3,3,0,48,32,16,52,92.3,0,0,4,2,2011
370,Colin  de Grandhomme,4,4,1,46,37,15.33,49,93.87,0,0,4,2,2011
371,Piyush  Chawla,13,5,2,42,14*,14,37,113.51,0,0,4,2,2011
372,Ravichandran  Ashwin,14,6,1,42,17*,8.4,28,150,0,0,3,3,2011
373,Shivam  Dube,4,4,1,40,24,13.33,33,121.21,0,0,1,3,2011
374,Yusuf  Pathan,10,8,5,40,16*,13.33,45,88.88,0,0,1,1,2011
375,Rinku  Singh,5,3,1,37,30,18.5,34,108.82,0,0,1,2,2011
376,Rashid  Khan,15,8,3,34,17*,6.8,23,147.82,0,0,2,2,2011
377,Chris  Morris,9,6,0,32,17,5.33,37,86.48,0,0,1,2,2011
378,Mitchell  Santner,4,2,1,32,22,32,23,139.13,0,0,0,3,2011
379,Rahul  Tewatia,5,4,3,26,11*,26,22,118.18,0,0,2,1,2011
380,Umesh  Yadav,11,7,5,25,14,12.5,25,100,0,0,3,1,2011
381,Amit  Mishra,11,4,2,21,8,10.5,24,87.5,0,0,2,0,2011
382,Harpreet  Brar,2,1,1,20,20*,-,12,166.66,0,0,2,1,2011
383,Prayas  Ray Barman,1,1,0,19,19,19,24,79.16,0,0,2,0,2011
384,Keemo  Paul,8,6,1,18,7,3.6,24,75,0,0,1,1,2011
385,Ben  Cutting,3,3,1,18,13*,9,17,105.88,0,0,1,1,2011
386,Krishnappa  Gowtham,7,4,1,18,9,6,19,94.73,0,0,1,1,2011
387,Simran  Singh,1,1,0,16,16,16,17,94.11,0,0,1,1,2011
388,Alzarri  Joseph,3,2,2,15,15*,-,13,115.38,0,0,2,0,2011
389,Siddhesh  Lad,1,1,0,15,15,15,13,115.38,0,0,1,1,2011
390,Shardul  Thakur,10,3,1,14,12*,7,7,200,0,0,1,1,2011
391,Kagiso  Rabada,12,4,1,14,9,4.66,15,93.33,0,0,0,1,2011
392,Bhuvneshwar  Kumar,15,5,2,12,7*,4,19,63.15,0,0,1,0,2011
393,Kuldeep  Yadav,9,4,2,12,10*,6,8,150,0,0,1,0,2011
394,Rahul  Chahar,13,4,2,12,10,6,11,109.09,0,0,2,0,2011
395,Mitchell  McClenaghan,5,4,1,11,10,3.66,16,68.75,0,0,2,0,2011
396,Carlos  Brathwaite,2,2,0,11,6,5.5,10,110,0,0,1,0,2011
397,Ishant  Sharma,13,3,3,10,10*,-,3,333.33,0,0,1,1,2011
398,Shakib  Al Hasan,3,1,0,9,9,9,10,90,0,0,0,0,2011
399,Pawan  Negi,7,4,0,9,5,2.25,12,75,0,0,1,0,2011
400,Tim  Southee,3,1,1,9,9*,-,9,100,0,0,0,0,2011
401,David  Warner,12,12,2,692,100*,69.2,481,143.86,1,8,57,21,2012
402,KL  Rahul,14,14,3,593,100*,53.9,438,135.38,1,6,49,25,2012
403,Quinton  de Kock,16,16,1,529,81,35.26,398,132.91,0,4,45,25,2012
404,Shikhar  Dhawan,16,16,1,521,97*,34.73,384,135.67,0,5,64,11,2012
405,Andre  Russell,14,13,4,510,80*,56.66,249,204.81,0,4,31,52,2012
406,Chris  Gayle,13,13,1,490,99*,40.83,319,153.6,0,4,45,34,2012
407,Rishabh  Pant,16,16,3,488,78*,37.53,300,162.66,0,3,37,27,2012
408,Virat  Kohli,14,14,0,464,100,33.14,328,141.46,1,2,46,13,2012
409,Shreyas  Iyer,16,16,1,463,67,30.86,386,119.94,0,3,41,14,2012
410,Jonny  Bairstow,10,10,2,445,114,55.62,283,157.24,1,2,48,18,2012
411,AB  de Villiers,13,13,3,442,82*,44.2,287,154,0,5,31,26,2012
412,Suryakumar  Yadav,16,15,2,424,71*,32.61,324,130.86,0,2,45,10,2012
413,MS  Dhoni,15,12,7,416,84*,83.2,309,134.62,0,3,22,23,2012
414,Chris  Lynn,13,13,0,405,82,31.15,290,139.65,0,4,41,22,2012
415,Rohit  Sharma,15,15,1,405,67,28.92,315,128.57,0,2,52,10,2012
416,Hardik  Pandya,16,15,6,402,91,44.66,210,191.42,0,1,28,29,2012
417,Shane  Watson,17,17,0,398,96,23.41,312,127.56,0,3,42,20,2012
418,Faf  du Plessis,12,12,1,396,96,36,321,123.36,0,3,36,15,2012
419,Ajinkya  Rahane,14,13,1,393,105*,32.75,285,137.89,1,1,45,9,2012
420,Suresh  Raina,17,17,1,383,59,23.93,314,121.97,0,3,45,9,2012
421,Parthiv  Patel,14,14,0,373,67,26.64,268,139.17,0,2,48,10,2012
422,Prithvi  Shaw,16,16,0,353,99,22.06,264,133.71,0,2,45,9,2012
423,Manish  Pandey,12,11,3,344,83*,43,263,130.79,0,3,34,6,2012
424,Nitish  Rana,14,11,1,344,85*,34.4,235,146.38,0,3,27,21,2012
425,Sanju  Samson,12,12,2,342,102*,34.2,230,148.69,1,0,28,13,2012
426,Mayank  Agarwal,13,13,0,332,58,25.53,234,141.88,0,2,26,14,2012
427,Steve  Smith,12,10,2,319,73*,39.87,275,116,0,3,30,4,2012
428,Jos  Buttler,8,8,0,311,89,38.87,205,151.7,0,3,38,14,2012
429,Shubman  Gill,14,13,4,296,76,32.88,238,124.36,0,3,21,10,2012
430,Ambati  Rayudu,17,17,5,282,57,23.5,303,93.06,0,1,20,7,2012
431,Robin  Uthappa,12,11,2,282,67*,31.33,245,115.1,0,1,28,10,2012
432,Kieron  Pollard,16,14,6,279,83,34.87,178,156.74,0,1,14,22,2012
433,Dinesh  Karthik,14,13,5,253,97*,31.62,173,146.24,0,2,22,14,2012
434,Vijay  Shankar,15,14,2,244,40*,20.33,193,126.42,0,0,11,12,2012
435,Moeen  Ali,11,10,2,220,66,27.5,133,165.41,0,2,16,17,2012
436,David  Miller,10,10,2,213,59*,26.62,164,129.87,0,1,19,7,2012
437,Marcus  Stoinis,10,10,6,211,46*,52.75,156,135.25,0,0,14,10,2012
438,Colin  Ingram,12,12,2,184,47,18.4,154,119.48,0,0,20,5,2012
439,Krunal  Pandya,16,15,4,183,42,16.63,150,122,0,0,18,5,2012
440,Sarfaraz  Khan,8,5,1,180,67,45,143,125.87,0,1,19,4,2012
441,Nicholas  Pooran,7,6,0,168,48,28,107,157,0,0,10,14,2012
442,Mandeep  Singh,13,12,8,165,33*,41.25,120,137.5,0,0,10,4,2012
443,Kedar  Jadhav,14,12,3,162,58,18,169,95.85,0,1,19,3,2012
444,Riyan  Parag,7,5,0,160,50,32,126,126.98,0,1,17,5,2012
445,Kane  Williamson,9,9,2,156,70*,22.28,130,120,0,1,12,5,2012
446,Sunil  Narine,12,9,1,143,47,17.87,86,166.27,0,0,17,9,2012
447,Rahul  Tripathi,8,7,1,141,50,23.5,118,119.49,0,1,13,2,2012
448,Ben  Stokes,9,9,3,123,46,20.5,99,124.24,0,0,8,4,2012
449,Mohammad  Nabi,8,7,1,115,31,19.16,76,151.31,0,0,8,7,2012
450,Axar  Patel,14,12,6,110,26,18.33,88,125,0,0,10,3,2012
451,Ravindra  Jadeja,16,9,6,106,31*,35.33,88,120.45,0,0,7,4,2012
452,Ishan  Kishan,7,6,0,101,28,16.83,100,101,0,0,8,4,2012
453,Yuvraj  Singh,4,4,0,98,53,24.5,75,130.66,0,1,7,6,2012
454,Gurkeerat  Mann Singh,3,3,0,98,65,32.66,70,140,0,1,11,2,2012
455,Sam  Curran,9,8,4,95,55*,23.75,55,172.72,0,1,13,3,2012
456,Shimron  Hetmyer,5,5,0,90,75,18,73,123.28,0,1,4,7,2012
457,Wriddhiman  Saha,5,5,0,86,28,17.2,53,162.26,0,0,13,1,2012
458,Colin  Munro,4,4,0,84,40,21,70,120,0,0,9,4,2012
459,Martin  Guptill,3,3,0,81,36,27,53,152.83,0,0,4,7,2012
460,Dwayne  Bravo,12,9,4,80,27,16,66,121.21,0,0,6,3,2012
461,Sherfane  Rutherford,7,7,2,73,28*,14.6,54,135.18,0,0,2,7,2012
462,Liam  Livingstone,4,4,1,71,44,23.66,48,147.91,0,0,6,5,2012
463,Stuart  Binny,8,5,2,70,33*,23.33,40,175,0,0,5,4,2012
464,Jofra  Archer,11,5,3,67,27*,33.5,40,167.5,0,0,4,4,2012
465,Deepak  Hooda,11,7,1,64,20,10.66,63,101.58,0,0,5,1,2012
466,Murali  Vijay,2,2,0,64,38,32,61,104.91,0,0,6,1,2012
467,Shreyas  Gopal,14,7,3,63,19*,15.75,46,136.95,0,0,8,1,2012
468,Akshdeep  Nath,8,5,0,61,24,12.2,57,107.01,0,0,5,2,2012
469,Evin  Lewis,3,3,0,48,32,16,52,92.3,0,0,4,2,2012
470,Colin  de Grandhomme,4,4,1,46,37,15.33,49,93.87,0,0,4,2,2012
471,Piyush  Chawla,13,5,2,42,14*,14,37,113.51,0,0,4,2,2012
472,Ravichandran  Ashwin,14,6,1,42,17*,8.4,28,150,0,0,3,3,2012
473,Shivam  Dube,4,4,1,40,24,13.33,33,121.21,0,0,1,3,2012
474,Yusuf  Pathan,10,8,5,40,16*,13.33,45,88.88,0,0,1,1,2012
475,Rinku  Singh,5,3,1,37,30,18.5,34,108.82,0,0,1,2,2012
476,Rashid  Khan,15,8,3,34,17*,6.8,23,147.82,0,0,2,2,2012
477,Chris  Morris,9,6,0,32,17,5.33,37,86.48,0,0,1,2,2012
478,Mitchell  Santner,4,2,1,32,22,32,23,139.13,0,0,0,3,2012
479,Rahul  Tewatia,5,4,3,26,11*,26,22,118.18,0,0,2,1,2012
480,Umesh  Yadav,11,7,5,25,14,12.5,25,100,0,0,3,1,2012
481,Amit  Mishra,11,4,2,21,8,10.5,24,87.5,0,0,2,0,2012
482,Harpreet  Brar,2,1,1,20,20*,-,12,166.66,0,0,2,1,2012
483,Prayas  Ray Barman,1,1,0,19,19,19,24,79.16,0,0,2,0,2012
484,Keemo  Paul,8,6,1,18,7,3.6,24,75,0,0,1,1,2012
485,Ben  Cutting,3,3,1,18,13*,9,17,105.88,0,0,1,1,2012
486,Krishnappa  Gowtham,7,4,1,18,9,6,19,94.73,0,0,1,1,2012
487,Simran  Singh,1,1,0,16,16,16,17,94.11,0,0,1,1,2012
488,Alzarri  Joseph,3,2,2,15,15*,-,13,115.38,0,0,2,0,2012
489,Siddhesh  Lad,1,1,0,15,15,15,13,115.38,0,0,1,1,2012
490,Shardul  Thakur,10,3,1,14,12*,7,7,200,0,0,1,1,2012
491,Kagiso  Rabada,12,4,1,14,9,4.66,15,93.33,0,0,0,1,2012
492,Bhuvneshwar  Kumar,15,5,2,12,7*,4,19,63.15,0,0,1,0,2012
493,Kuldeep  Yadav,9,4,2,12,10*,6,8,150,0,0,1,0,2012
494,Rahul  Chahar,13,4,2,12,10,6,11,109.09,0,0,2,0,2012
495,Mitchell  McClenaghan,5,4,1,11,10,3.66,16,68.75,0,0,2,0,2012
496,Carlos  Brathwaite,2,2,0,11,6,5.5,10,110,0,0,1,0,2012
497,Ishant  Sharma,13,3,3,10,10*,-,3,333.33,0,0,1,1,2012
498,Shakib  Al Hasan,3,1,0,9,9,9,10,90,0,0,0,0,2012
499,Pawan  Negi,7,4,0,9,5,2.25,12,75,0,0,1,0,2012
500,Tim  Southee,3,1,1,9,9*,-,9,100,0,0,0,0,2012
501,David  Warner,12,12,2,692,100*,69.2,481,143.86,1,8,57,21,2013
502,KL  Rahul,14,14,3,593,100*,53.9,438,135.38,1,6,49,25,2013
503,Quinton  de Kock,16,16,1,529,81,35.26,398,132.91,0,4,45,25,2013
504,Shikhar  Dhawan,16,16,1,521,97*,34.73,384,135.67,0,5,64,11,2013
505,Andre  Russell,14,13,4,510,80*,56.66,249,204.81,0,4,31,52,2013
506,Chris  Gayle,13,13,1,490,99*,40.83,319,153.6,0,4,45,34,2013
507,Rishabh  Pant,16,16,3,488,78*,37.53,300,162.66,0,3,37,27,2013
508,Virat  Kohli,14,14,0,464,100,33.14,328,141.46,1,2,46,13,2013
509,Shreyas  Iyer,16,16,1,463,67,30.86,386,119.94,0,3,41,14,2013
510,Jonny  Bairstow,10,10,2,445,114,55.62,283,157.24,1,2,48,18,2013
511,AB  de Villiers,13,13,3,442,82*,44.2,287,154,0,5,31,26,2013
512,Suryakumar  Yadav,16,15,2,424,71*,32.61,324,130.86,0,2,45,10,2013
513,MS  Dhoni,15,12,7,416,84*,83.2,309,134.62,0,3,22,23,2013
514,Chris  Lynn,13,13,0,405,82,31.15,290,139.65,0,4,41,22,2013
515,Rohit  Sharma,15,15,1,405,67,28.92,315,128.57,0,2,52,10,2013
516,Hardik  Pandya,16,15,6,402,91,44.66,210,191.42,0,1,28,29,2013
517,Shane  Watson,17,17,0,398,96,23.41,312,127.56,0,3,42,20,2013
518,Faf  du Plessis,12,12,1,396,96,36,321,123.36,0,3,36,15,2013
519,Ajinkya  Rahane,14,13,1,393,105*,32.75,285,137.89,1,1,45,9,2013
520,Suresh  Raina,17,17,1,383,59,23.93,314,121.97,0,3,45,9,2013
521,Parthiv  Patel,14,14,0,373,67,26.64,268,139.17,0,2,48,10,2013
522,Prithvi  Shaw,16,16,0,353,99,22.06,264,133.71,0,2,45,9,2013
523,Manish  Pandey,12,11,3,344,83*,43,263,130.79,0,3,34,6,2013
524,Nitish  Rana,14,11,1,344,85*,34.4,235,146.38,0,3,27,21,2013
525,Sanju  Samson,12,12,2,342,102*,34.2,230,148.69,1,0,28,13,2013
526,Mayank  Agarwal,13,13,0,332,58,25.53,234,141.88,0,2,26,14,2013
527,Steve  Smith,12,10,2,319,73*,39.87,275,116,0,3,30,4,2013
528,Jos  Buttler,8,8,0,311,89,38.87,205,151.7,0,3,38,14,2013
529,Shubman  Gill,14,13,4,296,76,32.88,238,124.36,0,3,21,10,2013
530,Ambati  Rayudu,17,17,5,282,57,23.5,303,93.06,0,1,20,7,2013
531,Robin  Uthappa,12,11,2,282,67*,31.33,245,115.1,0,1,28,10,2013
532,Kieron  Pollard,16,14,6,279,83,34.87,178,156.74,0,1,14,22,2013
533,Dinesh  Karthik,14,13,5,253,97*,31.62,173,146.24,0,2,22,14,2013
534,Vijay  Shankar,15,14,2,244,40*,20.33,193,126.42,0,0,11,12,2013
535,Moeen  Ali,11,10,2,220,66,27.5,133,165.41,0,2,16,17,2013
536,David  Miller,10,10,2,213,59*,26.62,164,129.87,0,1,19,7,2013
537,Marcus  Stoinis,10,10,6,211,46*,52.75,156,135.25,0,0,14,10,2013
538,Colin  Ingram,12,12,2,184,47,18.4,154,119.48,0,0,20,5,2013
539,Krunal  Pandya,16,15,4,183,42,16.63,150,122,0,0,18,5,2013
540,Sarfaraz  Khan,8,5,1,180,67,45,143,125.87,0,1,19,4,2013
541,Nicholas  Pooran,7,6,0,168,48,28,107,157,0,0,10,14,2013
542,Mandeep  Singh,13,12,8,165,33*,41.25,120,137.5,0,0,10,4,2013
543,Kedar  Jadhav,14,12,3,162,58,18,169,95.85,0,1,19,3,2013
544,Riyan  Parag,7,5,0,160,50,32,126,126.98,0,1,17,5,2013
545,Kane  Williamson,9,9,2,156,70*,22.28,130,120,0,1,12,5,2013
546,Sunil  Narine,12,9,1,143,47,17.87,86,166.27,0,0,17,9,2013
547,Rahul  Tripathi,8,7,1,141,50,23.5,118,119.49,0,1,13,2,2013
548,Ben  Stokes,9,9,3,123,46,20.5,99,124.24,0,0,8,4,2013
549,Mohammad  Nabi,8,7,1,115,31,19.16,76,151.31,0,0,8,7,2013
550,Axar  Patel,14,12,6,110,26,18.33,88,125,0,0,10,3,2013
551,Ravindra  Jadeja,16,9,6,106,31*,35.33,88,120.45,0,0,7,4,2013
552,Ishan  Kishan,7,6,0,101,28,16.83,100,101,0,0,8,4,2013
553,Yuvraj  Singh,4,4,0,98,53,24.5,75,130.66,0,1,7,6,2013
554,Gurkeerat  Mann Singh,3,3,0,98,65,32.66,70,140,0,1,11,2,2013
555,Sam  Curran,9,8,4,95,55*,23.75,55,172.72,0,1,13,3,2013
556,Shimron  Hetmyer,5,5,0,90,75,18,73,123.28,0,1,4,7,2013
557,Wriddhiman  Saha,5,5,0,86,28,17.2,53,162.26,0,0,13,1,2013
558,Colin  Munro,4,4,0,84,40,21,70,120,0,0,9,4,2013
559,Martin  Guptill,3,3,0,81,36,27,53,152.83,0,0,4,7,2013
560,Dwayne  Bravo,12,9,4,80,27,16,66,121.21,0,0,6,3,2013
561,Sherfane  Rutherford,7,7,2,73,28*,14.6,54,135.18,0,0,2,7,2013
562,Liam  Livingstone,4,4,1,71,44,23.66,48,147.91,0,0,6,5,2013
563,Stuart  Binny,8,5,2,70,33*,23.33,40,175,0,0,5,4,2013
564,Jofra  Archer,11,5,3,67,27*,33.5,40,167.5,0,0,4,4,2013
565,Deepak  Hooda,11,7,1,64,20,10.66,63,101.58,0,0,5,1,2013
566,Murali  Vijay,2,2,0,64,38,32,61,104.91,0,0,6,1,2013
567,Shreyas  Gopal,14,7,3,63,19*,15.75,46,136.95,0,0,8,1,2013
568,Akshdeep  Nath,8,5,0,61,24,12.2,57,107.01,0,0,5,2,2013
569,Evin  Lewis,3,3,0,48,32,16,52,92.3,0,0,4,2,2013
570,Colin  de Grandhomme,4,4,1,46,37,15.33,49,93.87,0,0,4,2,2013
571,Piyush  Chawla,13,5,2,42,14*,14,37,113.51,0,0,4,2,2013
572,Ravichandran  Ashwin,14,6,1,42,17*,8.4,28,150,0,0,3,3,2013
573,Shivam  Dube,4,4,1,40,24,13.33,33,121.21,0,0,1,3,2013
574,Yusuf  Pathan,10,8,5,40,16*,13.33,45,88.88,0,0,1,1,2013
575,Rinku  Singh,5,3,1,37,30,18.5,34,108.82,0,0,1,2,2013
576,Rashid  Khan,15,8,3,34,17*,6.8,23,147.82,0,0,2,2,2013
577,Chris  Morris,9,6,0,32,17,5.33,37,86.48,0,0,1,2,2013
578,Mitchell  Santner,4,2,1,32,22,32,23,139.13,0,0,0,3,2013
579,Rahul  Tewatia,5,4,3,26,11*,26,22,118.18,0,0,2,1,2013
580,Umesh  Yadav,11,7,5,25,14,12.5,25,100,0,0,3,1,2013
581,Amit  Mishra,11,4,2,21,8,10.5,24,87.5,0,0,2,0,2013
582,Harpreet  Brar,2,1,1,20,20*,-,12,166.66,0,0,2,1,2013
583,Prayas  Ray Barman,1,1,0,19,19,19,24,79.16,0,0,2,0,2013
584,Keemo  Paul,8,6,1,18,7,3.6,24,75,0,0,1,1,2013
585,Ben  Cutting,3,3,1,18,13*,9,17,105.88,0,0,1,1,2013
586,Krishnappa  Gowtham,7,4,1,18,9,6,19,94.73,0,0,1,1,2013
587,Simran  Singh,1,1,0,16,16,16,17,94.11,0,0,1,1,2013
588,Alzarri  Joseph,3,2,2,15,15*,-,13,115.38,0,0,2,0,2013
589,Siddhesh  Lad,1,1,0,15,15,15,13,115.38,0,0,1,1,2013
590,Shardul  Thakur,10,3,1,14,12*,7,7,200,0,0,1,1,2013
591,Kagiso  Rabada,12,4,1,14,9,4.66,15,93.33,0,0,0,1,2013
592,Bhuvneshwar  Kumar,15,5,2,12,7*,4,19,63.15,0,0,1,0,2013
593,Kuldeep  Yadav,9,4,2,12,10*,6,8,150,0,0,1,0,2013
594,Rahul  Chahar,13,4,2,12,10,6,11,109.09,0,0,2,0,2013
595,Mitchell  McClenaghan,5,4,1,11,10,3.66,16,68.75,0,0,2,0,2013
596,Carlos  Brathwaite,2,2,0,11,6,5.5,10,110,0,0,1,0,2013
597,Ishant  Sharma,13,3,3,10,10*,-,3,333.33,0,0,1,1,2013
598,Shakib  Al Hasan,3,1,0,9,9,9,10,90,0,0,0,0,2013
599,Pawan  Negi,7,4,0,9,5,2.25,12,75,0,0,1,0,2013
600,Tim  Southee,3,1,1,9,9*,-,9,100,0,0,0,0,2013
601,David  Warner,12,12,2,692,100*,69.2,481,143.86,1,8,57,21,2014
602,KL  Rahul,14,14,3,593,100*,53.9,438,135.38,1,6,49,25,2014
603,Quinton  de Kock,16,16,1,529,81,35.26,398,132.91,0,4,45,25,2014
604,Shikhar  Dhawan,16,16,1,521,97*,34.73,384,135.67,0,5,64,11,2014
605,Andre  Russell,14,13,4,510,80*,56.66,249,204.81,0,4,31,52,2014
606,Chris  Gayle,13,13,1,490,99*,40.83,319,153.6,0,4,45,34,2014
607,Rishabh  Pant,16,16,3,488,78*,37.53,300,162.66,0,3,37,27,2014
608,Virat  Kohli,14,14,0,464,100,33.14,328,141.46,1,2,46,13,2014
609,Shreyas  Iyer,16,16,1,463,67,30.86,386,119.94,0,3,41,14,2014
610,Jonny  Bairstow,10,10,2,445,114,55.62,283,157.24,1,2,48,18,2014
611,AB  de Villiers,13,13,3,442,82*,44.2,287,154,0,5,31,26,2014
612,Suryakumar  Yadav,16,15,2,424,71*,32.61,324,130.86,0,2,45,10,2014
613,MS  Dhoni,15,12,7,416,84*,83.2,309,134.62,0,3,22,23,2014
614,Chris  Lynn,13,13,0,405,82,31.15,290,139.65,0,4,41,22,2014
615,Rohit  Sharma,15,15,1,405,67,28.92,315,128.57,0,2,52,10,2014
616,Hardik  Pandya,16,15,6,402,91,44.66,210,191.42,0,1,28,29,2014
617,Shane  Watson,17,17,0,398,96,23.41,312,127.56,0,3,42,20,2014
618,Faf  du Plessis,12,12,1,396,96,36,321,123.36,0,3,36,15,2014
619,Ajinkya  Rahane,14,13,1,393,105*,32.75,285,137.89,1,1,45,9,2014
620,Suresh  Raina,17,17,1,383,59,23.93,314,121.97,0,3,45,9,2014
621,Parthiv  Patel,14,14,0,373,67,26.64,268,139.17,0,2,48,10,2014
622,Prithvi  Shaw,16,16,0,353,99,22.06,264,133.71,0,2,45,9,2014
623,Manish  Pandey,12,11,3,344,83*,43,263,130.79,0,3,34,6,2014
624,Nitish  Rana,14,11,1,344,85*,34.4,235,146.38,0,3,27,21,2014
625,Sanju  Samson,12,12,2,342,102*,34.2,230,148.69,1,0,28,13,2014
626,Mayank  Agarwal,13,13,0,332,58,25.53,234,141.88,0,2,26,14,2014
627,Steve  Smith,12,10,2,319,73*,39.87,275,116,0,3,30,4,2014
628,Jos  Buttler,8,8,0,311,89,38.87,205,151.7,0,3,38,14,2014
629,Shubman  Gill,14,13,4,296,76,32.88,238,124.36,0,3,21,10,2014
630,Ambati  Rayudu,17,17,5,282,57,23.5,303,93.06,0,1,20,7,2014
631,Robin  Uthappa,12,11,2,282,67*,31.33,245,115.1,0,1,28,10,2014
632,Kieron  Pollard,16,14,6,279,83,34.87,178,156.74,0,1,14,22,2014
633,Dinesh  Karthik,14,13,5,253,97*,31.62,173,146.24,0,2,22,14,2014
634,Vijay  Shankar,15,14,2,244,40*,20.33,193,126.42,0,0,11,12,2014
635,Moeen  Ali,11,10,2,220,66,27.5,133,165.41,0,2,16,17,2014
636,David  Miller,10,10,2,213,59*,26.62,164,129.87,0,1,19,7,2014
637,Marcus  Stoinis,10,10,6,211,46*,52.75,156,135.25,0,0,14,10,2014
638,Colin  Ingram,12,12,2,184,47,18.4,154,119.48,0,0,20,5,2014
639,Krunal  Pandya,16,15,4,183,42,16.63,150,122,0,0,18,5,2014
640,Sarfaraz  Khan,8,5,1,180,67,45,143,125.87,0,1,19,4,2014
641,Nicholas  Pooran,7,6,0,168,48,28,107,157,0,0,10,14,2014
642,Mandeep  Singh,13,12,8,165,33*,41.25,120,137.5,0,0,10,4,2014
643,Kedar  Jadhav,14,12,3,162,58,18,169,95.85,0,1,19,3,2014
644,Riyan  Parag,7,5,0,160,50,32,126,126.98,0,1,17,5,2014
645,Kane  Williamson,9,9,2,156,70*,22.28,130,120,0,1,12,5,2014
646,Sunil  Narine,12,9,1,143,47,17.87,86,166.27,0,0,17,9,2014
647,Rahul  Tripathi,8,7,1,141,50,23.5,118,119.49,0,1,13,2,2014
648,Ben  Stokes,9,9,3,123,46,20.5,99,124.24,0,0,8,4,2014
649,Mohammad  Nabi,8,7,1,115,31,19.16,76,151.31,0,0,8,7,2014
650,Axar  Patel,14,12,6,110,26,18.33,88,125,0,0,10,3,2014
651,Ravindra  Jadeja,16,9,6,106,31*,35.33,88,120.45,0,0,7,4,2014
652,Ishan  Kishan,7,6,0,101,28,16.83,100,101,0,0,8,4,2014
653,Yuvraj  Singh,4,4,0,98,53,24.5,75,130.66,0,1,7,6,2014
654,Gurkeerat  Mann Singh,3,3,0,98,65,32.66,70,140,0,1,11,2,2014
655,Sam  Curran,9,8,4,95,55*,23.75,55,172.72,0,1,13,3,2014
656,Shimron  Hetmyer,5,5,0,90,75,18,73,123.28,0,1,4,7,2014
657,Wriddhiman  Saha,5,5,0,86,28,17.2,53,162.26,0,0,13,1,2014
658,Colin  Munro,4,4,0,84,40,21,70,120,0,0,9,4,2014
659,Martin  Guptill,3,3,0,81,36,27,53,152.83,0,0,4,7,2014
660,Dwayne  Bravo,12,9,4,80,27,16,66,121.21,0,0,6,3,2014
661,Sherfane  Rutherford,7,7,2,73,28*,14.6,54,135.18,0,0,2,7,2014
662,Liam  Livingstone,4,4,1,71,44,23.66,48,147.91,0,0,6,5,2014
663,Stuart  Binny,8,5,2,70,33*,23.33,40,175,0,0,5,4,2014
664,Jofra  Archer,11,5,3,67,27*,33.5,40,167.5,0,0,4,4,2014
665,Deepak  Hooda,11,7,1,64,20,10.66,63,101.58,0,0,5,1,2014
666,Murali  Vijay,2,2,0,64,38,32,61,104.91,0,0,6,1,2014
667,Shreyas  Gopal,14,7,3,63,19*,15.75,46,136.95,0,0,8,1,2014
668,Akshdeep  Nath,8,5,0,61,24,12.2,57,107.01,0,0,5,2,2014
669,Evin  Lewis,3,3,0,48,32,16,52,92.3,0,0,4,2,2014
670,Colin  de Grandhomme,4,4,1,46,37,15.33,49,93.87,0,0,4,2,2014
671,Piyush  Chawla,13,5,2,42,14*,14,37,113.51,0,0,4,2,2014
672,Ravichandran  Ashwin,14,6,1,42,17*,8.4,28,150,0,0,3,3,2014
673,Shivam  Dube,4,4,1,40,24,13.33,33,121.21,0,0,1,3,2014
674,Yusuf  Pathan,10,8,5,40,16*,13.33,45,88.88,0,0,1,1,2014
675,Rinku  Singh,5,3,1,37,30,18.5,34,108.82,0,0,1,2,2014
676,Rashid  Khan,15,8,3,34,17*,6.8,23,147.82,0,0,2,2,2014
677,Chris  Morris,9,6,0,32,17,5.33,37,86.48,0,0,1,2,2014
678,Mitchell  Santner,4,2,1,32,22,32,23,139.13,0,0,0,3,2014
679,Rahul  Tewatia,5,4,3,26,11*,26,22,118.18,0,0,2,1,2014
680,Umesh  Yadav,11,7,5,25,14,12.5,25,100,0,0,3,1,2014
681,Amit  Mishra,11,4,2,21,8,10.5,24,87.5,0,0,2,0,2014
682,Harpreet  Brar,2,1,1,20,20*,-,12,166.66,0,0,2,1,2014
683,Prayas  Ray Barman,1,1,0,19,19,19,24,79.16,0,0,2,0,2014
684,Keemo  Paul,8,6,1,18,7,3.6,24,75,0,0,1,1,2014
685,Ben  Cutting,3,3,1,18,13*,9,17,105.88,0,0,1,1,2014
686,Krishnappa  Gowtham,7,4,1,18,9,6,19,94.73,0,0,1,1,2014
687,Simran  Singh,1,1,0,16,16,16,17,94.11,0,0,1,1,2014
688,Alzarri  Joseph,3,2,2,15,15*,-,13,115.38,0,0,2,0,2014
689,Siddhesh  Lad,1,1,0,15,15,15,13,115.38,0,0,1,1,2014
690,Shardul  Thakur,10,3,1,14,12*,7,7,200,0,0,1,1,2014
691,Kagiso  Rabada,12,4,1,14,9,4.66,15,93.33,0,0,0,1,2014
692,Bhuvneshwar  Kumar,15,5,2,12,7*,4,19,63.15,0,0,1,0,2014
693,Kuldeep  Yadav,9,4,2,12,10*,6,8,150,0,0,1,0,2014
694,Rahul  Chahar,13,4,2,12,10,6,11,109.09,0,0,2,0,2014
695,Mitchell  McClenaghan,5,4,1,11,10,3.66,16,68.75,0,0,2,0,2014
696,Carlos  Brathwaite,2,2,0,11,6,5.5,10,110,0,0,1,0,2014
697,Ishant  Sharma,13,3,3,10,10*,-,3,333.33,0,0,1,1,2014
698,Shakib  Al Hasan,3,1,0,9,9,9,10,90,0,0,0,0,2014
699,Pawan  Negi,7,4,0,9,5,2.25,12,75,0,0,1,0,2014
700,Tim  Southee,3,1,1,9,9*,-,9,100,0,0,0,0,2014
701,David  Warner,12,12,2,692,100*,69.2,481,143.86,1,8,57,21,2015
702,KL  Rahul,14,14,3,593,100*,53.9,438,135.38,1,6,49,25,2015
703,Quinton  de Kock,16,16,1,529,81,35.26,398,132.91,0,4,45,25,2015
704,Shikhar  Dhawan,16,16,1,521,97*,34.73,384,135.67,0,5,64,11,2015
705,Andre  Russell,14,13,4,510,80*,56.66,249,204.81,0,4,31,52,2015
706,Chris  Gayle,13,13,1,490,99*,40.83,319,153.6,0,4,45,34,2015
707,Rishabh  Pant,16,16,3,488,78*,37.53,300,162.66,0,3,37,27,2015
708,Virat  Kohli,14,14,0,464,100,33.14,328,141.46,1,2,46,13,2015
709,Shreyas  Iyer,16,16,1,463,67,30.86,386,119.94,0,3,41,14,2015
710,Jonny  Bairstow,10,10,2,445,114,55.62,283,157.24,1,2,48,18,2015
711,AB  de Villiers,13,13,3,442,82*,44.2,287,154,0,5,31,26,2015
712,Suryakumar  Yadav,16,15,2,424,71*,32.61,324,130.86,0,2,45,10,2015
713,MS  Dhoni,15,12,7,416,84*,83.2,309,134.62,0,3,22,23,2015
714,Chris  Lynn,13,13,0,405,82,31.15,290,139.65,0,4,41,22,2015
715,Rohit  Sharma,15,15,1,405,67,28.92,315,128.57,0,2,52,10,2015
716,Hardik  Pandya,16,15,6,402,91,44.66,210,191.42,0,1,28,29,2015
717,Shane  Watson,17,17,0,398,96,23.41,312,127.56,0,3,42,20,2015
718,Faf  du Plessis,12,12,1,396,96,36,321,123.36,0,3,36,15,2015
719,Ajinkya  Rahane,14,13,1,393,105*,32.75,285,137.89,1,1,45,9,2015
720,Suresh  Raina,17,17,1,383,59,23.93,314,121.97,0,3,45,9,2015
721,Parthiv  Patel,14,14,0,373,67,26.64,268,139.17,0,2,48,10,2015
722,Prithvi  Shaw,16,16,0,353,99,22.06,264,133.71,0,2,45,9,2015
723,Manish  Pandey,12,11,3,344,83*,43,263,130.79,0,3,34,6,2015
724,Nitish  Rana,14,11,1,344,85*,34.4,235,146.38,0,3,27,21,2015
725,Sanju  Samson,12,12,2,342,102*,34.2,230,148.69,1,0,28,13,2015
726,Mayank  Agarwal,13,13,0,332,58,25.53,234,141.88,0,2,26,14,2015
727,Steve  Smith,12,10,2,319,73*,39.87,275,116,0,3,30,4,2015
728,Jos  Buttler,8,8,0,311,89,38.87,205,151.7,0,3,38,14,2015
729,Shubman  Gill,14,13,4,296,76,32.88,238,124.36,0,3,21,10,2015
730,Ambati  Rayudu,17,17,5,282,57,23.5,303,93.06,0,1,20,7,2015
731,Robin  Uthappa,12,11,2,282,67*,31.33,245,115.1,0,1,28,10,2015
732,Kieron  Pollard,16,14,6,279,83,34.87,178,156.74,0,1,14,22,2015
733,Dinesh  Karthik,14,13,5,253,97*,31.62,173,146.24,0,2,22,14,2015
734,Vijay  Shankar,15,14,2,244,40*,20.33,193,126.42,0,0,11,12,2015
735,Moeen  Ali,11,10,2,220,66,27.5,133,165.41,0,2,16,17,2015
736,David  Miller,10,10,2,213,59*,26.62,164,129.87,0,1,19,7,2015
737,Marcus  Stoinis,10,10,6,211,46*,52.75,156,135.25,0,0,14,10,2015
738,Colin  Ingram,12,12,2,184,47,18.4,154,119.48,0,0,20,5,2015
739,Krunal  Pandya,16,15,4,183,42,16.63,150,122,0,0,18,5,2015
740,Sarfaraz  Khan,8,5,1,180,67,45,143,125.87,0,1,19,4,2015
741,Nicholas  Pooran,7,6,0,168,48,28,107,157,0,0,10,14,2015
742,Mandeep  Singh,13,12,8,165,33*,41.25,120,137.5,0,0,10,4,2015
743,Kedar  Jadhav,14,12,3,162,58,18,169,95.85,0,1,19,3,2015
744,Riyan  Parag,7,5,0,160,50,32,126,126.98,0,1,17,5,2015
745,Kane  Williamson,9,9,2,156,70*,22.28,130,120,0,1,12,5,2015
746,Sunil  Narine,12,9,1,143,47,17.87,86,166.27,0,0,17,9,2015
747,Rahul  Tripathi,8,7,1,141,50,23.5,118,119.49,0,1,13,2,2015
748,Ben  Stokes,9,9,3,123,46,20.5,99,124.24,0,0,8,4,2015
749,Mohammad  Nabi,8,7,1,115,31,19.16,76,151.31,0,0,8,7,2015
750,Axar  Patel,14,12,6,110,26,18.33,88,125,0,0,10,3,2015
751,Ravindra  Jadeja,16,9,6,106,31*,35.33,88,120.45,0,0,7,4,2015
752,Ishan  Kishan,7,6,0,101,28,16.83,100,101,0,0,8,4,2015
753,Yuvraj  Singh,4,4,0,98,53,24.5,75,130.66,0,1,7,6,2015
754,Gurkeerat  Mann Singh,3,3,0,98,65,32.66,70,140,0,1,11,2,2015
755,Sam  Curran,9,8,4,95,55*,23.75,55,172.72,0,1,13,3,2015
756,Shimron  Hetmyer,5,5,0,90,75,18,73,123.28,0,1,4,7,2015
757,Wriddhiman  Saha,5,5,0,86,28,17.2,53,162.26,0,0,13,1,2015
758,Colin  Munro,4,4,0,84,40,21,70,120,0,0,9,4,2015
759,Martin  Guptill,3,3,0,81,36,27,53,152.83,0,0,4,7,2015
760,Dwayne  Bravo,12,9,4,80,27,16,66,121.21,0,0,6,3,2015
761,Sherfane  Rutherford,7,7,2,73,28*,14.6,54,135.18,0,0,2,7,2015
762,Liam  Livingstone,4,4,1,71,44,23.66,48,147.91,0,0,6,5,2015
763,Stuart  Binny,8,5,2,70,33*,23.33,40,175,0,0,5,4,2015
764,Jofra  Archer,11,5,3,67,27*,33.5,40,167.5,0,0,4,4,2015
765,Deepak  Hooda,11,7,1,64,20,10.66,63,101.58,0,0,5,1,2015
766,Murali  Vijay,2,2,0,64,38,32,61,104.91,0,0,6,1,2015
767,Shreyas  Gopal,14,7,3,63,19*,15.75,46,136.95,0,0,8,1,2015
768,Akshdeep  Nath,8,5,0,61,24,12.2,57,107.01,0,0,5,2,2015
769,Evin  Lewis,3,3,0,48,32,16,52,92.3,0,0,4,2,2015
770,Colin  de Grandhomme,4,4,1,46,37,15.33,49,93.87,0,0,4,2,2015
771,Piyush  Chawla,13,5,2,42,14*,14,37,113.51,0,0,4,2,2015
772,Ravichandran  Ashwin,14,6,1,42,17*,8.4,28,150,0,0,3,3,2015
773,Shivam  Dube,4,4,1,40,24,13.33,33,121.21,0,0,1,3,2015
774,Yusuf  Pathan,10,8,5,40,16*,13.33,45,88.88,0,0,1,1,2015
775,Rinku  Singh,5,3,1,37,30,18.5,34,108.82,0,0,1,2,2015
776,Rashid  Khan,15,8,3,34,17*,6.8,23,147.82,0,0,2,2,2015
777,Chris  Morris,9,6,0,32,17,5.33,37,86.48,0,0,1,2,2015
778,Mitchell  Santner,4,2,1,32,22,32,23,139.13,0,0,0,3,2015
779,Rahul  Tewatia,5,4,3,26,11*,26,22,118.18,0,0,2,1,2015
780,Umesh  Yadav,11,7,5,25,14,12.5,25,100,0,0,3,1,2015
781,Amit  Mishra,11,4,2,21,8,10.5,24,87.5,0,0,2,0,2015
782,Harpreet  Brar,2,1,1,20,20*,-,12,166.66,0,0,2,1,2015
783,Prayas  Ray Barman,1,1,0,19,19,19,24,79.16,0,0,2,0,2015
784,Keemo  Paul,8,6,1,18,7,3.6,24,75,0,0,1,1,2015
785,Ben  Cutting,3,3,1,18,13*,9,17,105.88,0,0,1,1,2015
786,Krishnappa  Gowtham,7,4,1,18,9,6,19,94.73,0,0,1,1,2015
787,Simran  Singh,1,1,0,16,16,16,17,94.11,0,0,1,1,2015
788,Alzarri  Joseph,3,2,2,15,15*,-,13,115.38,0,0,2,0,2015
789,Siddhesh  Lad,1,1,0,15,15,15,13,115.38,0,0,1,1,2015
790,Shardul  Thakur,10,3,1,14,12*,7,7,200,0,0,1,1,2015
791,Kagiso  Rabada,12,4,1,14,9,4.66,15,93.33,0,0,0,1,2015
792,Bhuvneshwar  Kumar,15,5,2,12,7*,4,19,63.15,0,0,1,0,2015
793,Kuldeep  Yadav,9,4,2,12,10*,6,8,150,0,0,1,0,2015
794,Rahul  Chahar,13,4,2,12,10,6,11,109.09,0,0,2,0,2015
795,Mitchell  McClenaghan,5,4,1,11,10,3.66,16,68.75,0,0,2,0,2015
796,Carlos  Brathwaite,2,2,0,11,6,5.5,10,110,0,0,1,0,2015
797,Ishant  Sharma,13,3,3,10,10*,-,3,333.33,0,0,1,1,2015
798,Shakib  Al Hasan,3,1,0,9,9,9,10,90,0,0,0,0,2015
799,Pawan  Negi,7,4,0,9,5,2.25,12,75,0,0,1,0,2015
800,Tim  Southee,3,1,1,9,9*,-,9,100,0,0,0,0,2015
801,David  Warner,12,12,2,692,100*,69.2,481,143.86,1,8,57,21,2016
802,KL  Rahul,14,14,3,593,100*,53.9,438,135.38,1,6,49,25,2016
803,Quinton  de Kock,16,16,1,529,81,35.26,398,132.91,0,4,45,25,2016
804,Shikhar  Dhawan,16,16,1,521,97*,34.73,384,135.67,0,5,64,11,2016
805,Andre  Russell,14,13,4,510,80*,56.66,249,204.81,0,4,31,52,2016
806,Chris  Gayle,13,13,1,490,99*,40.83,319,153.6,0,4,45,34,2016
807,Rishabh  Pant,16,16,3,488,78*,37.53,300,162.66,0,3,37,27,2016
808,Virat  Kohli,14,14,0,464,100,33.14,328,141.46,1,2,46,13,2016
809,Shreyas  Iyer,16,16,1,463,67,30.86,386,119.94,0,3,41,14,2016
810,Jonny  Bairstow,10,10,2,445,114,55.62,283,157.24,1,2,48,18,2016
811,AB  de Villiers,13,13,3,442,82*,44.2,287,154,0,5,31,26,2016
812,Suryakumar  Yadav,16,15,2,424,71*,32.61,324,130.86,0,2,45,10,2016
813,MS  Dhoni,15,12,7,416,84*,83.2,309,134.62,0,3,22,23,2016
814,Chris  Lynn,13,13,0,405,82,31.15,290,139.65,0,4,41,22,2016
815,Rohit  Sharma,15,15,1,405,67,28.92,315,128.57,0,2,52,10,2016
816,Hardik  Pandya,16,15,6,402,91,44.66,210,191.42,0,1,28,29,2016
817,Shane  Watson,17,17,0,398,96,23.41,312,127.56,0,3,42,20,2016
818,Faf  du Plessis,12,12,1,396,96,36,321,123.36,0,3,36,15,2016
819,Ajinkya  Rahane,14,13,1,393,105*,32.75,285,137.89,1,1,45,9,2016
820,Suresh  Raina,17,17,1,383,59,23.93,314,121.97,0,3,45,9,2016
821,Parthiv  Patel,14,14,0,373,67,26.64,268,139.17,0,2,48,10,2016
822,Prithvi  Shaw,16,16,0,353,99,22.06,264,133.71,0,2,45,9,2016
823,Manish  Pandey,12,11,3,344,83*,43,263,130.79,0,3,34,6,2016
824,Nitish  Rana,14,11,1,344,85*,34.4,235,146.38,0,3,27,21,2016
825,Sanju  Samson,12,12,2,342,102*,34.2,230,148.69,1,0,28,13,2016
826,Mayank  Agarwal,13,13,0,332,58,25.53,234,141.88,0,2,26,14,2016
827,Steve  Smith,12,10,2,319,73*,39.87,275,116,0,3,30,4,2016
828,Jos  Buttler,8,8,0,311,89,38.87,205,151.7,0,3,38,14,2016
829,Shubman  Gill,14,13,4,296,76,32.88,238,124.36,0,3,21,10,2016
830,Ambati  Rayudu,17,17,5,282,57,23.5,303,93.06,0,1,20,7,2016
831,Robin  Uthappa,12,11,2,282,67*,31.33,245,115.1,0,1,28,10,2016
832,Kieron  Pollard,16,14,6,279,83,34.87,178,156.74,0,1,14,22,2016
833,Dinesh  Karthik,14,13,5,253,97*,31.62,173,146.24,0,2,22,14,2016
834,Vijay  Shankar,15,14,2,244,40*,20.33,193,126.42,0,0,11,12,2016
835,Moeen  Ali,11,10,2,220,66,27.5,133,165.41,0,2,16,17,2016
836,David  Miller,10,10,2,213,59*,26.62,164,129.87,0,1,19,7,2016
837,Marcus  Stoinis,10,10,6,211,46*,52.75,156,135.25,0,0,14,10,2016
838,Colin  Ingram,12,12,2,184,47,18.4,154,119.48,0,0,20,5,2016
839,Krunal  Pandya,16,15,4,183,42,16.63,150,122,0,0,18,5,2016
840,Sarfaraz  Khan,8,5,1,180,67,45,143,125.87,0,1,19,4,2016
841,Nicholas  Pooran,7,6,0,168,48,28,107,157,0,0,10,14,2016
842,Mandeep  Singh,13,12,8,165,33*,41.25,120,137.5,0,0,10,4,2016
843,Kedar  Jadhav,14,12,3,162,58,18,169,95.85,0,1,19,3,2016
844,Riyan  Parag,7,5,0,160,50,32,126,126.98,0,1,17,5,2016
845,Kane  Williamson,9,9,2,156,70*,22.28,130,120,0,1,12,5,2016
846,Sunil  Narine,12,9,1,143,47,17.87,86,166.27,0,0,17,9,2016
847,Rahul  Tripathi,8,7,1,141,50,23.5,118,119.49,0,1,13,2,2016
848,Ben  Stokes,9,9,3,123,46,20.5,99,124.24,0,0,8,4,2016
849,Mohammad  Nabi,8,7,1,115,31,19.16,76,151.31,0,0,8,7,2016
850,Axar  Patel,14,12,6,110,26,18.33,88,125,0,0,10,3,2016
851,Ravindra  Jadeja,16,9,6,106,31*,35.33,88,120.45,0,0,7,4,2016
852,Ishan  Kishan,7,6,0,101,28,16.83,100,101,0,0,8,4,2016
853,Yuvraj  Singh,4,4,0,98,53,24.5,75,130.66,0,1,7,6,2016
854,Gurkeerat  Mann Singh,3,3,0,98,65,32.66,70,140,0,1,11,2,2016
855,Sam  Curran,9,8,4,95,55*,23.75,55,172.72,0,1,13,3,2016
856,Shimron  Hetmyer,5,5,0,90,75,18,73,123.28,0,1,4,7,2016
857,Wriddhiman  Saha,5,5,0,86,28,17.2,53,162.26,0,0,13,1,2016
858,Colin  Munro,4,4,0,84,40,21,70,120,0,0,9,4,2016
859,Martin  Guptill,3,3,0,81,36,27,53,152.83,0,0,4,7,2016
860,Dwayne  Bravo,12,9,4,80,27,16,66,121.21,0,0,6,3,2016
861,Sherfane  Rutherford,7,7,2,73,28*,14.6,54,135.18,0,0,2,7,2016
862,Liam  Livingstone,4,4,1,71,44,23.66,48,147.91,0,0,6,5,2016
863,Stuart  Binny,8,5,2,70,33*,23.33,40,175,0,0,5,4,2016
864,Jofra  Archer,11,5,3,67,27*,33.5,40,167.5,0,0,4,4,2016
865,Deepak  Hooda,11,7,1,64,20,10.66,63,101.58,0,0,5,1,2016
866,Murali  Vijay,2,2,0,64,38,32,61,104.91,0,0,6,1,2016
867,Shreyas  Gopal,14,7,3,63,19*,15.75,46,136.95,0,0,8,1,2016
868,Akshdeep  Nath,8,5,0,61,24,12.2,57,107.01,0,0,5,2,2016
869,Evin  Lewis,3,3,0,48,32,16,52,92.3,0,0,4,2,2016
870,Colin  de Grandhomme,4,4,1,46,37,15.33,49,93.87,0,0,4,2,2016
871,Piyush  Chawla,13,5,2,42,14*,14,37,113.51,0,0,4,2,2016
872,Ravichandran  Ashwin,14,6,1,42,17*,8.4,28,150,0,0,3,3,2016
873,Shivam  Dube,4,4,1,40,24,13.33,33,121.21,0,0,1,3,2016
874,Yusuf  Pathan,10,8,5,40,16*,13.33,45,88.88,0,0,1,1,2016
875,Rinku  Singh,5,3,1,37,30,18.5,34,108.82,0,0,1,2,2016
876,Rashid  Khan,15,8,3,34,17*,6.8,23,147.82,0,0,2,2,2016
877,Chris  Morris,9,6,0,32,17,5.33,37,86.48,0,0,1,2,2016
878,Mitchell  Santner,4,2,1,32,22,32,23,139.13,0,0,0,3,2016
879,Rahul  Tewatia,5,4,3,26,11*,26,22,118.18,0,0,2,1,2016
880,Umesh  Yadav,11,7,5,25,14,12.5,25,100,0,0,3,1,2016
881,Amit  Mishra,11,4,2,21,8,10.5,24,87.5,0,0,2,0,2016
882,Harpreet  Brar,2,1,1,20,20*,-,12,166.66,0,0,2,1,2016
883,Prayas  Ray Barman,1,1,0,19,19,19,24,79.16,0,0,2,0,2016
884,Keemo  Paul,8,6,1,18,7,3.6,24,75,0,0,1,1,2016
885,Ben  Cutting,3,3,1,18,13*,9,17,105.88,0,0,1,1,2016
886,Krishnappa  Gowtham,7,4,1,18,9,6,19,94.73,0,0,1,1,2016
887,Simran  Singh,1,1,0,16,16,16,17,94.11,0,0,1,1,2016
888,Alzarri  Joseph,3,2,2,15,15*,-,13,115.38,0,0,2,0,2016
889,Siddhesh  Lad,1,1,0,15,15,15,13,115.38,0,0,1,1,2016
890,Shardul  Thakur,10,3,1,14,12*,7,7,200,0,0,1,1,2016
891,Kagiso  Rabada,12,4,1,14,9,4.66,15,93.33,0,0,0,1,2016
892,Bhuvneshwar  Kumar,15,5,2,12,7*,4,19,63.15,0,0,1,0,2016
893,Kuldeep  Yadav,9,4,2,12,10*,6,8,150,0,0,1,0,2016
894,Rahul  Chahar,13,4,2,12,10,6,11,109.09,0,0,2,0,2016
895,Mitchell  McClenaghan,5,4,1,11,10,3.66,16,68.75,0,0,2,0,2016
896,Carlos  Brathwaite,2,2,0,11,6,5.5,10,110,0,0,1,0,2016
897,Ishant  Sharma,13,3,3,10,10*,-,3,333.33,0,0,1,1,2016
898,Shakib  Al Hasan,3,1,0,9,9,9,10,90,0,0,0,0,2016
899,Pawan  Negi,7,4,0,9,5,2.25,12,75,0,0,1,0,2016
900,Tim  Southee,3,1,1,9,9*,-,9,100,0,0,0,0,2016
901,David  Warner,12,12,2,692,100*,69.2,481,143.86,1,8,57,21,2017
902,KL  Rahul,14,14,3,593,100*,53.9,438,135.38,1,6,49,25,2017
903,Quinton  de Kock,16,16,1,529,81,35.26,398,132.91,0,4,45,25,2017
904,Shikhar  Dhawan,16,16,1,521,97*,34.73,384,135.67,0,5,64,11,2017
905,Andre  Russell,14,13,4,510,80*,56.66,249,204.81,0,4,31,52,2017
906,Chris  Gayle,13,13,1,490,99*,40.83,319,153.6,0,4,45,34,2017
907,Rishabh  Pant,16,16,3,488,78*,37.53,300,162.66,0,3,37,27,2017
908,Virat  Kohli,14,14,0,464,100,33.14,328,141.46,1,2,46,13,2017
909,Shreyas  Iyer,16,16,1,463,67,30.86,386,119.94,0,3,41,14,2017
910,Jonny  Bairstow,10,10,2,445,114,55.62,283,157.24,1,2,48,18,2017
911,AB  de Villiers,13,13,3,442,82*,44.2,287,154,0,5,31,26,2017
912,Suryakumar  Yadav,16,15,2,424,71*,32.61,324,130.86,0,2,45,10,2017
913,MS  Dhoni,15,12,7,416,84*,83.2,309,134.62,0,3,22,23,2017
914,Chris  Lynn,13,13,0,405,82,31.15,290,139.65,0,4,41,22,2017
915,Rohit  Sharma,15,15,1,405,67,28.92,315,128.57,0,2,52,10,2017
916,Hardik  Pandya,16,15,6,402,91,44.66,210,191.42,0,1,28,29,2017
917,Shane  Watson,17,17,0,398,96,23.41,312,127.56,0,3,42,20,2017
918,Faf  du Plessis,12,12,1,396,96,36,321,123.36,0,3,36,15,2017
919,Ajinkya  Rahane,14,13,1,393,105*,32.75,285,137.89,1,1,45,9,2017
920,Suresh  Raina,17,17,1,383,59,23.93,314,121.97,0,3,45,9,2017
921,Parthiv  Patel,14,14,0,373,67,26.64,268,139.17,0,2,48,10,2017
922,Prithvi  Shaw,16,16,0,353,99,22.06,264,133.71,0,2,45,9,2017
923,Manish  Pandey,12,11,3,344,83*,43,263,130.79,0,3,34,6,2017
924,Nitish  Rana,14,11,1,344,85*,34.4,235,146.38,0,3,27,21,2017
925,Sanju  Samson,12,12,2,342,102*,34.2,230,148.69,1,0,28,13,2017
926,Mayank  Agarwal,13,13,0,332,58,25.53,234,141.88,0,2,26,14,2017
927,Steve  Smith,12,10,2,319,73*,39.87,275,116,0,3,30,4,2017
928,Jos  Buttler,8,8,0,311,89,38.87,205,151.7,0,3,38,14,2017
929,Shubman  Gill,14,13,4,296,76,32.88,238,124.36,0,3,21,10,2017
930,Ambati  Rayudu,17,17,5,282,57,23.5,303,93.06,0,1,20,7,2017
931,Robin  Uthappa,12,11,2,282,67*,31.33,245,115.1,0,1,28,10,2017
932,Kieron  Pollard,16,14,6,279,83,34.87,178,156.74,0,1,14,22,2017
933,Dinesh  Karthik,14,13,5,253,97*,31.62,173,146.24,0,2,22,14,2017
934,Vijay  Shankar,15,14,2,244,40*,20.33,193,126.42,0,0,11,12,2017
935,Moeen  Ali,11,10,2,220,66,27.5,133,165.41,0,2,16,17,2017
936,David  Miller,10,10,2,213,59*,26.62,164,129.87,0,1,19,7,2017
937,Marcus  Stoinis,10,10,6,211,46*,52.75,156,135.25,0,0,14,10,2017
938,Colin  Ingram,12,12,2,184,47,18.4,154,119.48,0,0,20,5,2017
939,Krunal  Pandya,16,15,4,183,42,16.63,150,122,0,0,18,5,2017
940,Sarfaraz  Khan,8,5,1,180,67,45,143,125.87,0,1,19,4,2017
941,Nicholas  Pooran,7,6,0,168,48,28,107,157,0,0,10,14,2017
942,Mandeep  Singh,13,12,8,165,33*,41.25,120,137.5,0,0,10,4,2017
943,Kedar  Jadhav,14,12,3,162,58,18,169,95.85,0,1,19,3,2017
944,Riyan  Parag,7,5,0,160,50,32,126,126.98,0,1,17,5,2017
945,Kane  Williamson,9,9,2,156,70*,22.28,130,120,0,1,12,5,2017
946,Sunil  Narine,12,9,1,143,47,17.87,86,166.27,0,0,17,9,2017
947,Rahul  Tripathi,8,7,1,141,50,23.5,118,119.49,0,1,13,2,2017
948,Ben  Stokes,9,9,3,123,46,20.5,99,124.24,0,0,8,4,2017
949,Mohammad  Nabi,8,7,1,115,31,19.16,76,151.31,0,0,8,7,2017
950,Axar  Patel,14,12,6,110,26,18.33,88,125,0,0,10,3,2017
951,Ravindra  Jadeja,16,9,6,106,31*,35.33,88,120.45,0,0,7,4,2017
952,Ishan  Kishan,7,6,0,101,28,16.83,100,101,0,0,8,4,2017
953,Yuvraj  Singh,4,4,0,98,53,24.5,75,130.66,0,1,7,6,2017
954,Gurkeerat  Mann Singh,3,3,0,98,65,32.66,70,140,0,1,11,2,2017
955,Sam  Curran,9,8,4,95,55*,23.75,55,172.72,0,1,13,3,2017
956,Shimron  Hetmyer,5,5,0,90,75,18,73,123.28,0,1,4,7,2017
957,Wriddhiman  Saha,5,5,0,86,28,17.2,53,162.26,0,0,13,1,2017
958,Colin  Munro,4,4,0,84,40,21,70,120,0,0,9,4,2017
959,Martin  Guptill,3,3,0,81,36,27,53,152.83,0,0,4,7,2017
960,Dwayne  Bravo,12,9,4,80,27,16,66,121.21,0,0,6,3,2017
961,Sherfane  Rutherford,7,7,2,73,28*,14.6,54,135.18,0,0,2,7,2017
962,Liam  Livingstone,4,4,1,71,44,23.66,48,147.91,0,0,6,5,2017
963,Stuart  Binny,8,5,2,70,33*,23.33,40,175,0,0,5,4,2017
964,Jofra  Archer,11,5,3,67,27*,33.5,40,167.5,0,0,4,4,2017
965,Deepak  Hooda,11,7,1,64,20,10.66,63,101.58,0,0,5,1,2017
966,Murali  Vijay,2,2,0,64,38,32,61,104.91,0,0,6,1,2017
967,Shreyas  Gopal,14,7,3,63,19*,15.75,46,136.95,0,0,8,1,2017
968,Akshdeep  Nath,8,5,0,61,24,12.2,57,107.01,0,0,5,2,2017
969,Evin  Lewis,3,3,0,48,32,16,52,92.3,0,0,4,2,2017
970,Colin  de Grandhomme,4,4,1,46,37,15.33,49,93.87,0,0,4,2,2017
971,Piyush  Chawla,13,5,2,42,14*,14,37,113.51,0,0,4,2,2017
972,Ravichandran  Ashwin,14,6,1,42,17*,8.4,28,150,0,0,3,3,2017
973,Shivam  Dube,4,4,1,40,24,13.33,33,121.21,0,0,1,3,2017
974,Yusuf  Pathan,10,8,5,40,16*,13.33,45,88.88,0,0,1,1,2017
975,Rinku  Singh,5,3,1,37,30,18.5,34,108.82,0,0,1,2,2017
976,Rashid  Khan,15,8,3,34,17*,6.8,23,147.82,0,0,2,2,2017
977,Chris  Morris,9,6,0,32,17,5.33,37,86.48,0,0,1,2,2017
978,Mitchell  Santner,4,2,1,32,22,32,23,139.13,0,0,0,3,2017
979,Rahul  Tewatia,5,4,3,26,11*,26,22,118.18,0,0,2,1,2017
980,Umesh  Yadav,11,7,5,25,14,12.5,25,100,0,0,3,1,2017
981,Amit  Mishra,11,4,2,21,8,10.5,24,87.5,0,0,2,0,2017
982,Harpreet  Brar,2,1,1,20,20*,-,12,166.66,0,0,2,1,2017
983,Prayas  Ray Barman,1,1,0,19,19,19,24,79.16,0,0,2,0,2017
984,Keemo  Paul,8,6,1,18,7,3.6,24,75,0,0,1,1,2017
985,Ben  Cutting,3,3,1,18,13*,9,17,105.88,0,0,1,1,2017
986,Krishnappa  Gowtham,7,4,1,18,9,6,19,94.73,0,0,1,1,2017
987,Simran  Singh,1,1,0,16,16,16,17,94.11,0,0,1,1,2017
988,Alzarri  Joseph,3,2,2,15,15*,-,13,115.38,0,0,2,0,2017
989,Siddhesh  Lad,1,1,0,15,15,15,13,115.38,0,0,1,1,2017
990,Shardul  Thakur,10,3,1,14,12*,7,7,200,0,0,1,1,2017
991,Kagiso  Rabada,12,4,1,14,9,4.66,15,93.33,0,0,0,1,2017
992,Bhuvneshwar  Kumar,15,5,2,12,7*,4,19,63.15,0,0,1,0,2017
993,Kuldeep  Yadav,9,4,2,12,10*,6,8,150,0,0,1,0,2017
994,Rahul  Chahar,13,4,2,12,10,6,11,109.09,0,0,2,0,2017
995,Mitchell  McClenaghan,5,4,1,11,10,3.66,16,68.75,0,0,2,0,2017
996,Carlos  Brathwaite,2,2,0,11,6,5.5,10,110,0,0,1,0,2017
997,Ishant  Sharma,13,3,3,10,10*,-,3,333.33,0,0,1,1,2017
998,Shakib  Al Hasan,3,1,0,9,9,9,10,90,0,0,0,0,2017
999,Pawan  Negi,7,4,0,9,5,2.25,12,75,0,0,1,0,2017
1000,Tim  Southee,3,1,1,9,9*,-,9,100,0,0,0,0,2017
1001,David  Warner,12,12,2,692,100*,69.2,481,143.86,1,8,57,21,2018
1002,KL  Rahul,14,14,3,593,100*,53.9,438,135.38,1,6,49,25,2018
1003,Quinton  de Kock,16,16,1,529,81,35.26,398,132.91,0,4,45,25,2018
1004,Shikhar  Dhawan,16,16,1,521,97*,34.73,384,135.67,0,5,64,11,2018
1005,Andre  Russell,14,13,4,510,80*,56.66,249,204.81,0,4,31,52,2018
1006,Chris  Gayle,13,13,1,490,99*,40.83,319,153.6,0,4,45,34,2018
1007,Rishabh  Pant,16,16,3,488,78*,37.53,300,162.66,0,3,37,27,2018
1008,Virat  Kohli,14,14,0,464,100,33.14,328,141.46,1,2,46,13,2018
1009,Shreyas  Iyer,16,16,1,463,67,30.86,386,119.94,0,3,41,14,2018
1010,Jonny  Bairstow,10,10,2,445,114,55.62,283,157.24,1,2,48,18,2018
1011,AB  de Villiers,13,13,3,442,82*,44.2,287,154,0,5,31,26,2018
1012,Suryakumar  Yadav,16,15,2,424,71*,32.61,324,130.86,0,2,45,10,2018
1013,MS  Dhoni,15,12,7,416,84*,83.2,309,134.62,0,3,22,23,2018
1014,Chris  Lynn,13,13,0,405,82,31.15,290,139.65,0,4,41,22,2018
1015,Rohit  Sharma,15,15,1,405,67,28.92,315,128.57,0,2,52,10,2018
1016,Hardik  Pandya,16,15,6,402,91,44.66,210,191.42,0,1,28,29,2018
1017,Shane  Watson,17,17,0,398,96,23.41,312,127.56,0,3,42,20,2018
1018,Faf  du Plessis,12,12,1,396,96,36,321,123.36,0,3,36,15,2018
1019,Ajinkya  Rahane,14,13,1,393,105*,32.75,285,137.89,1,1,45,9,2018
1020,Suresh  Raina,17,17,1,383,59,23.93,314,121.97,0,3,45,9,2018
1021,Parthiv  Patel,14,14,0,373,67,26.64,268,139.17,0,2,48,10,2018
1022,Prithvi  Shaw,16,16,0,353,99,22.06,264,133.71,0,2,45,9,2018
1023,Manish  Pandey,12,11,3,344,83*,43,263,130.79,0,3,34,6,2018
1024,Nitish  Rana,14,11,1,344,85*,34.4,235,146.38,0,3,27,21,2018
1025,Sanju  Samson,12,12,2,342,102*,34.2,230,148.69,1,0,28,13,2018
1026,Mayank  Agarwal,13,13,0,332,58,25.53,234,141.88,0,2,26,14,2018
1027,Steve  Smith,12,10,2,319,73*,39.87,275,116,0,3,30,4,2018
1028,Jos  Buttler,8,8,0,311,89,38.87,205,151.7,0,3,38,14,2018
1029,Shubman  Gill,14,13,4,296,76,32.88,238,124.36,0,3,21,10,2018
1030,Ambati  Rayudu,17,17,5,282,57,23.5,303,93.06,0,1,20,7,2018
1031,Robin  Uthappa,12,11,2,282,67*,31.33,245,115.1,0,1,28,10,2018
1032,Kieron  Pollard,16,14,6,279,83,34.87,178,156.74,0,1,14,22,2018
1033,Dinesh  Karthik,14,13,5,253,97*,31.62,173,146.24,0,2,22,14,2018
1034,Vijay  Shankar,15,14,2,244,40*,20.33,193,126.42,0,0,11,12,2018
1035,Moeen  Ali,11,10,2,220,66,27.5,133,165.41,0,2,16,17,2018
1036,David  Miller,10,10,2,213,59*,26.62,164,129.87,0,1,19,7,2018
1037,Marcus  Stoinis,10,10,6,211,46*,52.75,156,135.25,0,0,14,10,2018
1038,Colin  Ingram,12,12,2,184,47,18.4,154,119.48,0,0,20,5,2018
1039,Krunal  Pandya,16,15,4,183,42,16.63,150,122,0,0,18,5,2018
1040,Sarfaraz  Khan,8,5,1,180,67,45,143,125.87,0,1,19,4,2018
1041,Nicholas  Pooran,7,6,0,168,48,28,107,157,0,0,10,14,2018
1042,Mandeep  Singh,13,12,8,165,33*,41.25,120,137.5,0,0,10,4,2018
1043,Kedar  Jadhav,14,12,3,162,58,18,169,95.85,0,1,19,3,2018
1044,Riyan  Parag,7,5,0,160,50,32,126,126.98,0,1,17,5,2018
1045,Kane  Williamson,9,9,2,156,70*,22.28,130,120,0,1,12,5,2018
1046,Sunil  Narine,12,9,1,143,47,17.87,86,166.27,0,0,17,9,2018
1047,Rahul  Tripathi,8,7,1,141,50,23.5,118,119.49,0,1,13,2,2018
1048,Ben  Stokes,9,9,3,123,46,20.5,99,124.24,0,0,8,4,2018
1049,Mohammad  Nabi,8,7,1,115,31,19.16,76,151.31,0,0,8,7,2018
1050,Axar  Patel,14,12,6,110,26,18.33,88,125,0,0,10,3,2018
1051,Ravindra  Jadeja,16,9,6,106,31*,35.33,88,120.45,0,0,7,4,2018
1052,Ishan  Kishan,7,6,0,101,28,16.83,100,101,0,0,8,4,2018
1053,Yuvraj  Singh,4,4,0,98,53,24.5,75,130.66,0,1,7,6,2018
1054,Gurkeerat  Mann Singh,3,3,0,98,65,32.66,70,140,0,1,11,2,2018
1055,Sam  Curran,9,8,4,95,55*,23.75,55,172.72,0,1,13,3,2018
1056,Shimron  Hetmyer,5,5,0,90,75,18,73,123.28,0,1,4,7,2018
1057,Wriddhiman  Saha,5,5,0,86,28,17.2,53,162.26,0,0,13,1,2018
1058,Colin  Munro,4,4,0,84,40,21,70,120,0,0,9,4,2018
1059,Martin  Guptill,3,3,0,81,36,27,53,152.83,0,0,4,7,2018
1060,Dwayne  Bravo,12,9,4,80,27,16,66,121.21,0,0,6,3,2018
1061,Sherfane  Rutherford,7,7,2,73,28*,14.6,54,135.18,0,0,2,7,2018
1062,Liam  Livingstone,4,4,1,71,44,23.66,48,147.91,0,0,6,5,2018
1063,Stuart  Binny,8,5,2,70,33*,23.33,40,175,0,0,5,4,2018
1064,Jofra  Archer,11,5,3,67,27*,33.5,40,167.5,0,0,4,4,2018
1065,Deepak  Hooda,11,7,1,64,20,10.66,63,101.58,0,0,5,1,2018
1066,Murali  Vijay,2,2,0,64,38,32,61,104.91,0,0,6,1,2018
1067,Shreyas  Gopal,14,7,3,63,19*,15.75,46,136.95,0,0,8,1,2018
1068,Akshdeep  Nath,8,5,0,61,24,12.2,57,107.01,0,0,5,2,2018
1069,Evin  Lewis,3,3,0,48,32,16,52,92.3,0,0,4,2,2018
1070,Colin  de Grandhomme,4,4,1,46,37,15.33,49,93.87,0,0,4,2,2018
1071,Piyush  Chawla,13,5,2,42,14*,14,37,113.51,0,0,4,2,2018
1072,Ravichandran  Ashwin,14,6,1,42,17*,8.4,28,150,0,0,3,3,2018
1073,Shivam  Dube,4,4,1,40,24,13.33,33,121.21,0,0,1,3,2018
1074,Yusuf  Pathan,10,8,5,40,16*,13.33,45,88.88,0,0,1,1,2018
1075,Rinku  Singh,5,3,1,37,30,18.5,34,108.82,0,0,1,2,2018
1076,Rashid  Khan,15,8,3,34,17*,6.8,23,147.82,0,0,2,2,2018
1077,Chris  Morris,9,6,0,32,17,5.33,37,86.48,0,0,1,2,2018
1078,Mitchell  Santner,4,2,1,32,22,32,23,139.13,0,0,0,3,2018
1079,Rahul  Tewatia,5,4,3,26,11*,26,22,118.18,0,0,2,1,2018
1080,Umesh  Yadav,11,7,5,25,14,12.5,25,100,0,0,3,1,2018
1081,Amit  Mishra,11,4,2,21,8,10.5,24,87.5,0,0,2,0,2018
1082,Harpreet  Brar,2,1,1,20,20*,-,12,166.66,0,0,2,1,2018
1083,Prayas  Ray Barman,1,1,0,19,19,19,24,79.16,0,0,2,0,2018
1084,Keemo  Paul,8,6,1,18,7,3.6,24,75,0,0,1,1,2018
1085,Ben  Cutting,3,3,1,18,13*,9,17,105.88,0,0,1,1,2018
1086,Krishnappa  Gowtham,7,4,1,18,9,6,19,94.73,0,0,1,1,2018
1087,Simran  Singh,1,1,0,16,16,16,17,94.11,0,0,1,1,2018
1088,Alzarri  Joseph,3,2,2,15,15*,-,13,115.38,0,0,2,0,2018
1089,Siddhesh  Lad,1,1,0,15,15,15,13,115.38,0,0,1,1,2018
1090,Shardul  Thakur,10,3,1,14,12*,7,7,200,0,0,1,1,2018
1091,Kagiso  Rabada,12,4,1,14,9,4.66,15,93.33,0,0,0,1,2018
1092,Bhuvneshwar  Kumar,15,5,2,12,7*,4,19,63.15,0,0,1,0,2018
1093,Kuldeep  Yadav,9,4,2,12,10*,6,8,150,0,0,1,0,2018
1094,Rahul  Chahar,13,4,2,12,10,6,11,109.09,0,0,2,0,2018
1095,Mitchell  McClenaghan,5,4,1,11,10,3.66,16,68.75,0,0,2,0,2018
1096,Carlos  Brathwaite,2,2,0,11,6,5.5,10,110,0,0,1,0,2018
1097,Ishant  Sharma,13,3,3,10,10*,-,3,333.33,0,0,1,1,2018
1098,Shakib  Al Hasan,3,1,0,9,9,9,10,90,0,0,0,0,2018
1099,Pawan  Negi,7,4,0,9,5,2.25,12,75,0,0,1,0,2018
1100,Tim  Southee,3,1,1,9,9*,-,9,100,0,0,0,0,2018
1101,David  Warner,12,12,2,692,100*,69.2,481,143.86,1,8,57,21,2019
1102,KL  Rahul,14,14,3,593,100*,53.9,438,135.38,1,6,49,25,2019
1103,Quinton  de Kock,16,16,1,529,81,35.26,398,132.91,0,4,45,25,2019
1104,Shikhar  Dhawan,16,16,1,521,97*,34.73,384,135.67,0,5,64,11,2019
1105,Andre  Russell,14,13,4,510,80*,56.66,249,204.81,0,4,31,52,2019
1106,Chris  Gayle,13,13,1,490,99*,40.83,319,153.6,0,4,45,34,2019
1107,Rishabh  Pant,16,16,3,488,78*,37.53,300,162.66,0,3,37,27,2019
1108,Virat  Kohli,14,14,0,464,100,33.14,328,141.46,1,2,46,13,2019
1109,Shreyas  Iyer,16,16,1,463,67,30.86,386,119.94,0,3,41,14,2019
1110,Jonny  Bairstow,10,10,2,445,114,55.62,283,157.24,1,2,48,18,2019
1111,AB  de Villiers,13,13,3,442,82*,44.2,287,154,0,5,31,26,2019
1112,Suryakumar  Yadav,16,15,2,424,71*,32.61,324,130.86,0,2,45,10,2019
1113,MS  Dhoni,15,12,7,416,84*,83.2,309,134.62,0,3,22,23,2019
1114,Chris  Lynn,13,13,0,405,82,31.15,290,139.65,0,4,41,22,2019
1115,Rohit  Sharma,15,15,1,405,67,28.92,315,128.57,0,2,52,10,2019
1116,Hardik  Pandya,16,15,6,402,91,44.66,210,191.42,0,1,28,29,2019
1117,Shane  Watson,17,17,0,398,96,23.41,312,127.56,0,3,42,20,2019
1118,Faf  du Plessis,12,12,1,396,96,36,321,123.36,0,3,36,15,2019
1119,Ajinkya  Rahane,14,13,1,393,105*,32.75,285,137.89,1,1,45,9,2019
1120,Suresh  Raina,17,17,1,383,59,23.93,314,121.97,0,3,45,9,2019
1121,Parthiv  Patel,14,14,0,373,67,26.64,268,139.17,0,2,48,10,2019
1122,Prithvi  Shaw,16,16,0,353,99,22.06,264,133.71,0,2,45,9,2019
1123,Manish  Pandey,12,11,3,344,83*,43,263,130.79,0,3,34,6,2019
1124,Nitish  Rana,14,11,1,344,85*,34.4,235,146.38,0,3,27,21,2019
1125,Sanju  Samson,12,12,2,342,102*,34.2,230,148.69,1,0,28,13,2019
1126,Mayank  Agarwal,13,13,0,332,58,25.53,234,141.88,0,2,26,14,2019
1127,Steve  Smith,12,10,2,319,73*,39.87,275,116,0,3,30,4,2019
1128,Jos  Buttler,8,8,0,311,89,38.87,205,151.7,0,3,38,14,2019
1129,Shubman  Gill,14,13,4,296,76,32.88,238,124.36,0,3,21,10,2019
1130,Ambati  Rayudu,17,17,5,282,57,23.5,303,93.06,0,1,20,7,2019
1131,Robin  Uthappa,12,11,2,282,67*,31.33,245,115.1,0,1,28,10,2019
1132,Kieron  Pollard,16,14,6,279,83,34.87,178,156.74,0,1,14,22,2019
1133,Dinesh  Karthik,14,13,5,253,97*,31.62,173,146.24,0,2,22,14,2019
1134,Vijay  Shankar,15,14,2,244,40*,20.33,193,126.42,0,0,11,12,2019
1135,Moeen  Ali,11,10,2,220,66,27.5,133,165.41,0,2,16,17,2019
1136,David  Miller,10,10,2,213,59*,26.62,164,129.87,0,1,19,7,2019
1137,Marcus  Stoinis,10,10,6,211,46*,52.75,156,135.25,0,0,14,10,2019
1138,Colin  Ingram,12,12,2,184,47,18.4,154,119.48,0,0,20,5,2019
1139,Krunal  Pandya,16,15,4,183,42,16.63,150,122,0,0,18,5,2019
1140,Sarfaraz  Khan,8,5,1,180,67,45,143,125.87,0,1,19,4,2019
1141,Nicholas  Pooran,7,6,0,168,48,28,107,157,0,0,10,14,2019
1142,Mandeep  Singh,13,12,8,165,33*,41.25,120,137.5,0,0,10,4,2019
1143,Kedar  Jadhav,14,12,3,162,58,18,169,95.85,0,1,19,3,2019
1144,Riyan  Parag,7,5,0,160,50,32,126,126.98,0,1,17,5,2019
1145,Kane  Williamson,9,9,2,156,70*,22.28,130,120,0,1,12,5,2019
1146,Sunil  Narine,12,9,1,143,47,17.87,86,166.27,0,0,17,9,2019
1147,Rahul  Tripathi,8,7,1,141,50,23.5,118,119.49,0,1,13,2,2019
1148,Ben  Stokes,9,9,3,123,46,20.5,99,124.24,0,0,8,4,2019
1149,Mohammad  Nabi,8,7,1,115,31,19.16,76,151.31,0,0,8,7,2019
1150,Axar  Patel,14,12,6,110,26,18.33,88,125,0,0,10,3,2019
1151,Ravindra  Jadeja,16,9,6,106,31*,35.33,88,120.45,0,0,7,4,2019
1152,Ishan  Kishan,7,6,0,101,28,16.83,100,101,0,0,8,4,2019
1153,Yuvraj  Singh,4,4,0,98,53,24.5,75,130.66,0,1,7,6,2019
1154,Gurkeerat  Mann Singh,3,3,0,98,65,32.66,70,140,0,1,11,2,2019
1155,Sam  Curran,9,8,4,95,55*,23.75,55,172.72,0,1,13,3,2019
1156,Shimron  Hetmyer,5,5,0,90,75,18,73,123.28,0,1,4,7,2019
1157,Wriddhiman  Saha,5,5,0,86,28,17.2,53,162.26,0,0,13,1,2019
1158,Colin  Munro,4,4,0,84,40,21,70,120,0,0,9,4,2019
1159,Martin  Guptill,3,3,0,81,36,27,53,152.83,0,0,4,7,2019
1160,Dwayne  Bravo,12,9,4,80,27,16,66,121.21,0,0,6,3,2019
1161,Sherfane  Rutherford,7,7,2,73,28*,14.6,54,135.18,0,0,2,7,2019
1162,Liam  Livingstone,4,4,1,71,44,23.66,48,147.91,0,0,6,5,2019
1163,Stuart  Binny,8,5,2,70,33*,23.33,40,175,0,0,5,4,2019
1164,Jofra  Archer,11,5,3,67,27*,33.5,40,167.5,0,0,4,4,2019
1165,Deepak  Hooda,11,7,1,64,20,10.66,63,101.58,0,0,5,1,2019
1166,Murali  Vijay,2,2,0,64,38,32,61,104.91,0,0,6,1,2019
1167,Shreyas  Gopal,14,7,3,63,19*,15.75,46,136.95,0,0,8,1,2019
1168,Akshdeep  Nath,8,5,0,61,24,12.2,57,107.01,0,0,5,2,2019
1169,Evin  Lewis,3,3,0,48,32,16,52,92.3,0,0,4,2,2019
1170,Colin  de Grandhomme,4,4,1,46,37,15.33,49,93.87,0,0,4,2,2019
1171,Piyush  Chawla,13,5,2,42,14*,14,37,113.51,0,0,4,2,2019
1172,Ravichandran  Ashwin,14,6,1,42,17*,8.4,28,150,0,0,3,3,2019
1173,Shivam  Dube,4,4,1,40,24,13.33,33,121.21,0,0,1,3,2019
1174,Yusuf  Pathan,10,8,5,40,16*,13.33,45,88.88,0,0,1,1,2019
1175,Rinku  Singh,5,3,1,37,30,18.5,34,108.82,0,0,1,2,2019
1176,Rashid  Khan,15,8,3,34,17*,6.8,23,147.82,0,0,2,2,2019
1177,Chris  Morris,9,6,0,32,17,5.33,37,86.48,0,0,1,2,2019
1178,Mitchell  Santner,4,2,1,32,22,32,23,139.13,0,0,0,3,2019
1179,Rahul  Tewatia,5,4,3,26,11*,26,22,118.18,0,0,2,1,2019
1180,Umesh  Yadav,11,7,5,25,14,12.5,25,100,0,0,3,1,2019
1181,Amit  Mishra,11,4,2,21,8,10.5,24,87.5,0,0,2,0,2019
1182,Harpreet  Brar,2,1,1,20,20*,-,12,166.66,0,0,2,1,2019
1183,Prayas  Ray Barman,1,1,0,19,19,19,24,79.16,0,0,2,0,2019
1184,Keemo  Paul,8,6,1,18,7,3.6,24,75,0,0,1,1,2019
1185,Ben  Cutting,3,3,1,18,13*,9,17,105.88,0,0,1,1,2019
1186,Krishnappa  Gowtham,7,4,1,18,9,6,19,94.73,0,0,1,1,2019
1187,Simran  Singh,1,1,0,16,16,16,17,94.11,0,0,1,1,2019
1188,Alzarri  Joseph,3,2,2,15,15*,-,13,115.38,0,0,2,0,2019
1189,Siddhesh  Lad,1,1,0,15,15,15,13,115.38,0,0,1,1,2019
1190,Shardul  Thakur,10,3,1,14,12*,7,7,200,0,0,1,1,2019
1191,Kagiso  Rabada,12,4,1,14,9,4.66,15,93.33,0,0,0,1,2019
1192,Bhuvneshwar  Kumar,15,5,2,12,7*,4,19,63.15,0,0,1,0,2019
1193,Kuldeep  Yadav,9,4,2,12,10*,6,8,150,0,0,1,0,2019
1194,Rahul  Chahar,13,4,2,12,10,6,11,109.09,0,0,2,0,2019
1195,Mitchell  McClenaghan,5,4,1,11,10,3.66,16,68.75,0,0,2,0,2019
1196,Carlos  Brathwaite,2,2,0,11,6,5.5,10,110,0,0,1,0,2019
1197,Ishant  Sharma,13,3,3,10,10*,-,3,333.33,0,0,1,1,2019
1198,Shakib  Al Hasan,3,1,0,9,9,9,10,90,0,0,0,0,2019
1199,Pawan  Negi,7,4,0,9,5,2.25,12,75,0,0,1,0,2019
1200,Tim  Southee,3,1,1,9,9*,-,9,100,0,0,0,0,2019
